Video ID,Published At,Keyword,Likes,Comments,Views
wAZZ-UWGVHI,23/08/2022,tech,3407,672,135612
b3x28s61q3c,24/08/2022,tech,76779,4306,1758063
4mgePWWCAmA,23/08/2022,tech,63825,3338,1564007
kXiYSI7H2b0,23/08/2022,tech,71566,1426,922918
ErMwWXQxHp0,08/08/2022,tech,96513,5155,1855644
18fwz9Itbvo,05/11/2021,tech,33570,1643,943119
jXf04bhcjbg,13/06/2022,tech,135047,9367,5937790
2TqOmtTAMRY,07/08/2022,tech,216935,12605,4782514
wLlL46pYcg4,08/12/2021,tech,45565,2882,7001236
R7qsau3X6Ks,14/07/2022,tech,24252,1068,667767
MEiq0oCUb_8,15/08/2022,tech,118001,4123,2359142
pT_9hntWj34,06/08/2022,tech,20999,3091,413179
cj4lxmHQV0o,13/08/2022,tech,15322,547,389114
d-BdIo8_wpA,15/12/2021,tech,17866,157,444953
eFhhW6fsAbQ,09/07/2022,tech,13217,442,371563
N88OE2ZCHBM,04/06/2021,tech,26890,4999,1633059
PKATJiyz0iI,13/08/2021,tech,9562,199,760249
qiMnSaZWf3M,21/07/2022,tech,11743,143,1086568
4AnyhHl3_tE,14/08/2022,tech,146978,11105,3186890
nmY2kgWYwyQ,25/03/2022,tech,363771,13609,11422924
HMqyLcNmsec,24/08/2022,tech,2117,486,63650
Q2ysbTVlPdk,12/05/2022,tech,42841,1357,1280387
zI8KQq5zmyM,02/07/2022,tech,23689,2842,530889
iEAlq1GPgnc,18/06/2021,tech,55231,2175,2122433
IHnhSxizVOA,31/07/2022,tech,1289,183,35948
Ql1-RZ2FUrc,24/08/2022,tech,970,207,23175
Fpof56HU6SY,10/08/2022,tech,1608,273,78520
bbbQ_X45FaA,27/05/2022,tech,1452,38,63599
MtMkU-1p7-0,03/06/2022,tech,35758,2056,1006704
QYlXL_8ei6g,19/08/2022,tech,8725,790,257848
zFCFe38EIfE,30/11/2021,tech,110145,3289,2954979
LOrkbagIpiY,28/05/2022,tech,12188,326,304037
UK5OHUmIgcc,02/04/2022,tech,59458,4159,1541386
My2Tr3k1liw,14/05/2022,tech,3494,136,589007
IUwqf08-FKU,05/05/2022,tech,36423,1902,1085076
U48UrDpXGog,24/08/2022,tech,941,221,25594
#NAME?,07/01/2022,tech,134194,6102,4098623
_f8Gb-vojoU,16/03/2022,tech,42075,1820,7188648
MAeXrShneoQ,24/08/2022,tech,709,128,25745
AREK4H8k7Ng,23/07/2022,tech,78852,3926,1889567
B0HI0RTZdJw,04/06/2022,tech,32102,3243,786765
Wuq7lS9rljw,02/07/2022,tech,188623,7464,4195072
VuG4BcghOSg,04/12/2021,tech,343227,20854,9618335
o-jUQhCeazQ,04/08/2022,tech,43960,1767,791624
#NAME?,26/05/2022,tech,77411,2098,2474364
#NAME?,24/08/2022,tech,24,45,3461
UxjgqBamqDU,30/07/2022,tech,4492,169,274201
YvZPU-KBCiQ,08/06/2022,tech,51846,2371,1156785
#NAME?,24/08/2022,news,1029,2347,97434
4RkfqEWK2FI,24/08/2022,news,534,538,57858
GK8CFuXExLw,24/08/2022,news,8526,3934,544884
95MMQzBkE30,24/08/2022,news,588,887,69951
nv7owOSprnI,24/08/2022,news,137,222,18531
rqbFOOt1q9M,24/08/2022,news,848,1384,86855
_XFJpfSFcpU,24/08/2022,news,827,1653,131012
fNHmQdrlIZE,24/08/2022,news,1200,2841,54596
zvS8Fmxv1_U,23/08/2022,news,1167,180,235019
OTFKyW-vc_Y,24/08/2022,news,1573,2670,60528
IH3DYzS4MdI,23/08/2022,news,1145,793,106127
q7sXUpqA_X4,23/08/2022,news,474,1553,75301
NS-9bd2hOOQ,24/08/2022,news,82,26,17145
0IH09JBETbI,24/08/2022,news,23828,47,500097
lX3EBSNjPII,23/08/2022,news,775,1517,127082
Tey5qEth4oA,24/08/2022,news,8484,2192,237313
L5p4Nov0KkU,20/08/2022,news,7946,1559,905023
MSTmUJU48g4,21/08/2022,news,510,560,34715
Sdm1WsGGU0w,24/08/2022,news,129,7,10642
XHKojSQxTs0,24/08/2022,news,1288,3,172513
voU9-39bicg,24/08/2022,news,257,1,62189
88w5Q03Lcro,24/08/2022,news,612,18,60835
B0ga0OUkb9c,23/08/2022,news,2385,1349,288722
#NAME?,22/08/2022,news,6379,4853,808787
o3TQPM5OkEU,23/08/2022,news,1009,451,127803
lHDn25SLgdk,22/08/2022,news,5630,1848,533947
kSKxCN8M-WE,24/08/2022,news,686,18,56683
fHCk3o_5l7o,19/08/2022,news,7277,1294,796750
8NL6YyEW2ww,19/08/2022,news,695,121,159877
uDSR4wV_zno,20/08/2022,news,15854,5373,1465011
f2TK2lpFFzs,22/08/2022,news,1030,10,187892
8Vqj8Ls29HI,24/08/2022,news,198,12,17763
uVmNImDu0rQ,18/08/2022,news,7342,1531,932432
_JGrWrwOoD8,23/08/2022,news,286,22,23135
hPy7QFsTaLw,21/08/2022,news,2083,2195,164119
s-XXxzZCkLg,21/08/2022,news,1728,665,212973
bLHeJmGUyWQ,24/08/2022,news,180,16,13976
h4VjpOOWzZ0,21/08/2022,news,1102,668,106690
CBNHQyXOcjE,23/08/2022,news,1688,796,89985
Ccc0GvjuqkQ,23/08/2022,gaming,8384,1307,176151
4mgePWWCAmA,23/08/2022,gaming,63825,3338,1564007
wXjxEphvceM,24/08/2022,gaming,4163,618,133933
iRxsHyRJnnQ,24/08/2022,gaming,2925,121,99244
WBK2_lD7KGA,24/08/2022,gaming,298406,15609,3773387
RRaznaiwf9A,24/08/2022,gaming,549,29,16307
YeqhIN6Dg_U,22/08/2022,gaming,2170,282,126228
4ndP7aEL48w,23/08/2022,gaming,1365,256,46436
aVYgohhJTwo,24/08/2022,gaming,3516,306,121644
t3L2dLPzvrM,24/08/2022,gaming,2481,429,67444
UZFeOxoRe8g,24/08/2022,gaming,2501,193,84565
PyUwWSrFy5E,20/08/2022,gaming,82449,2673,2007038
GiHBWPRybpw,24/08/2022,gaming,1243,21,5967
wRWhpXAMrLQ,24/08/2022,gaming,48710,3417,552256
zJJ7JiG2Lvw,24/08/2022,gaming,29966,471,205943
f-vwWjR_3JY,24/08/2022,gaming,15842,1547,530763
gYvCj3EufhA,24/08/2022,gaming,3374,741,82874
0aSjii_bpUc,24/08/2022,gaming,8260,195,191777
#NAME?,24/08/2022,gaming,1525,36,14877
i2tzQ0RUm6Q,24/08/2022,gaming,468,164,10351
HN-EAqkxYLo,23/08/2022,gaming,18208,44,228095
514QAJMYHus,24/08/2022,gaming,3171,5,19693
KO9XkCtJ8Ds,23/08/2022,gaming,1204,135,27564
9BFPMqT4twI,23/08/2022,gaming,10556,466,66633
fT3XZ_lrUp8,22/08/2022,gaming,869,155,22860
2MTmULlJIJE,18/01/2022,gaming,13492,707,879645
meUhoYdG0rM,24/08/2022,gaming,358,23,2386
f-OUonH08fo,23/08/2022,gaming,2677,485,65005
i_n68sBUTow,23/08/2022,gaming,39872,187,246407
RnpJZLc7WtQ,22/08/2022,gaming,46642,1287,268946
grQ_zwR1giM,24/08/2022,gaming,674,93,5931
U2ammRwQ20Y,22/08/2022,gaming,3495,202,226258
#NAME?,23/08/2022,gaming,789,77,19223
qR12rWDMjls,24/08/2022,gaming,3273,472,31837
dC7EnOoJRrs,23/08/2022,gaming,4484,459,97946
tN0O_MQkF10,22/08/2022,gaming,2700,279,70186
MepGo2xmVJw,14/11/2020,gaming,238193,14706,7132206
s2bTQK6vbKI,06/05/2022,gaming,71905,6315,2381931
pfwR_wD53wU,24/08/2022,gaming,9574,537,87891
dzptw7d8QI8,22/08/2022,gaming,1215,100,64958
hXKhM_taHJ4,23/08/2022,gaming,11797,519,364725
gTUkevqZXKY,22/08/2022,gaming,2750,116,208701
mqc6QqoGNWI,24/08/2022,gaming,563,85,14537
AqvyzO3IPXc,31/03/2022,sports,39944,1677,5093587
0RiGydlyTcM,14/08/2022,sports,19987,2358,1335282
szeXkBYq5HU,09/01/2018,sports,275577,5431,15040548
MnCilaL_3yo,24/07/2022,sports,62969,9809,4288833
jxlygT8QMGM,18/04/2022,sports,12785,489,1945140
dwV04XuiWq4,22/04/2019,sports,778342,20737,57369066
YaVp_xXotxo,20/06/2021,sports,56480,2515,12272628
0AjSt2I4Vj4,22/08/2022,sports,23668,2290,1499121
_eaK4DIxB5s,22/12/2019,sports,102369,10191,16099483
kwuIWZ9wRmw,06/08/2021,sports,60821,2638,12867358
heIKaaamvdc,02/04/2022,sports,355223,6889,11181957
ftb3nlM9gKU,20/08/2022,sports,7866,550,619006
AbnjSelQYV8,30/08/2021,sports,84728,1451,10909239
vqRZ8z1MU3o,16/08/2022,sports,6920,640,665643
jzJW0gTYB9k,22/02/2022,sports,22479,299,2020370
YClWEHi6mzY,02/01/2022,sports,6568,591,592998
RxhDx1gpoeo,09/08/2021,sports,127971,3938,20647398
B6HQSEz2ZDg,21/08/2022,sports,11805,1116,961317
bIDKhZ_4jLQ,07/10/2019,sports,601464,23466,27922929
v3m_DlYSJOA,03/10/2020,sports,241605,6650,31518906
wIYD42DV3Ro,07/05/2022,sports,39999,6387,5683239
_6akkGVr2zs,08/01/2021,sports,33316,1335,7795119
U7bNzl0HepU,24/10/2021,sports,14899,637,1836457
yaGkToO1eHo,28/12/2020,sports,25347,385,9444655
dCMJqrAHgkc,21/08/2022,sports,11898,1330,901368
cjTV-uyMKbc,23/08/2022,sports,1096,178,106597
Q99TxKPzLkc,20/08/2022,sports,6325,391,573655
#NAME?,04/12/2017,sports,867074,43024,106014469
WZKPK1a8w90,13/08/2022,sports,6946,481,647117
Kcne0vP4NNE,21/09/2021,sports,51562,8289,4282206
3fT5K2SIXDQ,12/06/2022,sports,31796,555,6134948
VAe6ZDhwZ0c,20/08/2022,sports,46,6,2219
QjL7D33xpS4,13/08/2018,sports,149084,3901,4820297
BZIfU09QOJY,22/08/2022,sports,191,35,27378
ETsM6CGZ0_Y,24/08/2022,sports,38,1,4114
tiwjvBSS_Wk,31/03/2022,sports,32772,4597,1194578
JsOL9GBAugY,26/12/2021,sports,2584,57,1051751
ARnERQncs0I,23/08/2022,sports,15,1,867
szlhtejAMyM,05/10/2021,sports,132236,3715,15110047
x64iroHxmsc,18/08/2022,sports,3991,820,269716
rVcwYxqupxw,21/08/2022,sports,2192,144,230945
G8cramghuZ8,22/08/2022,sports,54006,3508,2699810
90xB3D-UYd4,21/08/2022,sports,14293,2114,577426
7nMB5YvZ8Ak,20/08/2022,sports,1121,91,65057
YWY5zWR5HrY,15/08/2022,sports,1941,401,83228
MRdkdIfkBJ8,31/05/2022,sports,15872,156,4290144
UtgnaBDIcNo,20/08/2022,sports,2807,194,203084
1_r0mhnxGN0,14/06/2020,sports,22288,451,11666184
0dW3d3taopc,13/08/2022,sports,10119,664,891548
SvOx7tA_Cv8,04/07/2022,how-to,135155,11354,2361410
RIbMoJouce8,23/08/2022,how-to,14408,864,275924
Hu4Yvq-g7_Y,05/04/2019,how-to,315980,6186,13176819
ZzLPUoetSHw,21/07/2022,how-to,44809,660,1341953
LWxUb_dwd-0,12/12/2021,how-to,22532,198,443909
VRJzvJ5XPQI,18/10/2021,how-to,295514,5266,8378324
4jwUXV4QaTw,21/05/2019,how-to,1165120,40435,44943014
ZRjKX1-ilwo,11/10/2019,how-to,136929,3323,5249373
v6BmurUpiN0,22/08/2022,how-to,2048,193,58330
n3kNlFMXslo,07/02/2017,how-to,169217,2295,7370713
kARkOdRHaj8,18/10/2018,how-to,56460,2118,3745331
CyElHdaqkjo,04/10/2016,how-to,78076,1822,2947659
joAOl1CVlpE,31/07/2022,how-to,28603,1300,855958
115amzVdV44,18/08/2020,how-to,910553,81975,52061447
z2I5J1ArmeM,07/11/2020,how-to,49642,1589,3750968
La9oLLoI5Rc,12/06/2018,how-to,338470,9618,14322764
0R4Bk73HDLk,14/08/2022,how-to,46638,2210,1902823
RpaxxN8jTHo,15/06/2022,how-to,80596,2415,1606273
rnwiG7USp9c,24/08/2022,how-to,554,60,15329
5MgBikgcWnY,14/03/2013,how-to,723998,14759,31858250
ZJy1ajvMU1k,07/03/2016,how-to,665269,25869,36467409
kmhvZ8kVdG4,24/02/2018,how-to,70465,17616,10097646
QGE6r0KvEFo,23/08/2022,how-to,600,55,10671
m7Jw3a7CpNA,03/12/2021,how-to,32092,181,425850
KmOAznOQX-g,29/07/2019,how-to,347137,7750,13590001
BL4DCEp7blY,17/04/2022,how-to,150521,5653,4584546
mWQTgSt7GeU,23/08/2022,how-to,6773,595,111581
fwi5k4BJL34,23/08/2022,how-to,515,184,11848
lHgw32F_0wQ,29/07/2022,how-to,29551,1213,513997
xqAoloAGlCE,18/01/2019,how-to,262633,5960,47276202
zjsUbMf_t2c,12/01/2018,how-to,99816,4641,8620346
G18zAn2APsc,07/05/2020,how-to,46254,669,2144508
7vqnazqmceQ,20/05/2022,how-to,31042,899,698519
QCQiLmff1ds,20/11/2021,how-to,45027,1140,5578536
wcUWnCQGET4,15/08/2022,how-to,207617,8534,4382539
casK0pXZ5sc,11/08/2022,how-to,8227,314,153395
bAD3tHU6Gss,12/08/2022,how-to,55233,5097,742272
ed0ErkxpH5w,21/08/2022,how-to,2992,246,110066
mrq3iZcvHAw,23/08/2022,how-to,4852,218,76373
K-ssUVyfn5g,21/06/2022,how-to,26024,1165,662992
YQ-vBi3_gB0,13/08/2022,how-to,12124,1188,638770
r34KwZzUmV8,23/11/2021,how-to,61089,2899,2943450
hmpBODRtwfw,31/03/2022,how-to,62375,2417,1687552
dZYFO2y9BrM,20/10/2021,how-to,21286,731,705942
ieKAhG_gdCw,18/08/2022,how-to,421608,17009,5992730
fJ4fvTcG43A,24/08/2022,how-to,63,20,3311
R-R0KrXvWbc,05/09/2019,how-to,339758,32718,29905105
Y6rZWiS1Itc,24/08/2022,how-to,866,48,42948
nCg3ufihKyU,25/09/2020,business,1706185,25334,208293677
PO_d169ibZ8,25/09/2020,business,385847,4381,54244089
2AMjrc7cpHY,25/09/2020,business,79281,1683,9090985
wJS9eb6_o00,04/11/2020,business,24029,422,1820413
4x2S3LhbM0k,20/12/2020,business,9178,111,933111
fhTUAlOSRi0,09/12/2020,business,21367,467,2822656
NL7X0u8et6Q,02/11/2020,business,43643,1336,5750667
hkKGjXNQb4I,23/08/2022,business,6028,697,533712
LFtGY8pWIC0,25/10/2009,business,229141,7461,28325416
rlV10AFUES0,11/07/2022,business,253,2,6389
RFDaxPoGA6U,14/09/2018,business,25934,424,1102647
#NAME?,01/08/2022,business,114,2,2270
6bzTrChjEdc,15/02/2022,business,13038,470,368017
-8TnsjDRXUE,22/08/2022,business,3232,580,188875
jffyqZRIcHc,16/10/2019,business,46519,1064,2228510
eywOfvsiKHM,23/08/2022,business,1483,122,45872
MN7yfV4UuCI,09/02/2021,business,-1,1144,676300
oSQkwtUBwx0,13/02/2022,business,27189,622,1273223
cIMM4TJMDRI,16/05/2022,business,14477,1661,580096
gNRGkMeITVU,08/02/2022,business,57308,2303,859569
kQFebypq4Qc,24/08/2022,business,441,496,26499
UBZ6Bd0LDjs,12/11/2021,business,17327,965,561921
7YJ1SMw4mJs,23/08/2022,business,489,240,14263
J9lj3xdQoAk,24/08/2022,business,216891,11046,2018720
0Q7HCaKq-j4,15/03/2021,business,29443,1408,1218268
fVuw7VCefME,21/01/2021,business,65748,1269,5351715
B6QrWQQtIKg,24/08/2022,business,295,9,15582
awnn-bqV_Tw,25/08/2021,business,36376,1876,875957
aNu000cQZmU,11/12/2019,business,52363,2102,984168
ARoGZIN5oC4,15/12/2018,business,49949,5045,2464907
BUrVitrNDHY,12/01/2022,business,5015,1830,520371
hDALW72sC_U,23/08/2022,business,1090,485,45006
HPq05GXUgL8,09/05/2022,business,13852,516,776034
55_aBSEGNC0,24/08/2022,business,134,16,2786
_XzohkDRIg4,14/07/2022,business,22569,859,384275
XYD0MXvfoCI,24/08/2022,business,2063,662,37352
XnJ9KckzQEU,24/08/2022,business,539,23,23819
SoNu7gNl1I4,01/10/2021,business,32152,393,589907
loQWJaa1_hM,26/07/2022,business,13126,600,746236
cG37cEi1nPc,23/08/2022,business,-1,13,12332
N9uyC-V2-uY,24/08/2022,business,2667,303,42274
fABhkvOSllI,24/08/2022,business,5006,157,82844
ddbb2nPwC-c,19/02/2022,business,19993,1870,1851336
jXkKghLs2O8,24/08/2022,business,667,305,11649
4hCogXAzONk,03/06/2022,business,146358,3790,7989628
odN3ON4ZVOE,20/07/2022,business,3440,769,108903
On1iHuNBoMA,24/08/2022,business,187,29,4073
nXOroUomnjA,24/03/2021,business,22861,977,1437698
un50Bs4BvZ8,07/01/2021,tutorial,25630,1741,1435374
dhLCzSwUTvc,29/06/2019,tutorial,158935,8326,6100867
Vl0H-qTclOg,28/10/2020,tutorial,74485,1569,4435209
GZvSYJDk-us,17/12/2019,tutorial,80368,2008,3368446
7S_tz1z_5bA,20/03/2019,tutorial,170234,7686,7367727
JPUbSvsxjsY,20/06/2022,tutorial,30518,486,879609
FTFaQWZBqQ8,08/12/2020,tutorial,45040,1451,1632584
QWMg1TWGaLA,22/08/2022,tutorial,1341,72,19323
3SdJygwlfWU,20/05/2022,tutorial,5180,129,190491
eIrMbAQSU34,15/07/2019,tutorial,195700,7321,7569833
X48VuDVv0do,06/11/2020,tutorial,73498,3270,4984442
vLnPwxZdW4Y,24/08/2018,tutorial,235659,11732,9769103
xiUTqnI6xk8,17/08/2022,tutorial,10669,1149,223700
45csSEotJY8,05/07/2022,tutorial,8433,882,151493
5x3Hy7zie94,18/10/2020,tutorial,63857,1655,1564431
_uQrJ0TkZlc,18/02/2019,tutorial,838345,50531,28574258
rfscVS0vtbw,11/07/2018,tutorial,880208,42227,35771194
iM_KMYulI_s,24/05/2017,tutorial,981522,122371,68512549
qz0aGYrrlhU,11/01/2021,tutorial,114246,3748,4416622
nf8ySuesAPg,06/08/2020,tutorial,143191,3883,7549484
3yYU1BOrSo8,30/01/2022,tutorial,216934,4192,5656681
sNRcVXkZjWM,03/07/2022,tutorial,205557,4239,7783157
FTociictyyE,07/11/2019,tutorial,132845,3878,7975584
bJQV9JHiMho,12/08/2022,tutorial,74900,1841,1454316
2G5f_LpdLh0,01/06/2018,tutorial,76010,788,7906241
NlAxapKT0x8,04/02/2022,tutorial,18780,514,679453
nfFQm82IqUc,05/08/2022,tutorial,4315,203,83902
Ayhct2DylC4,06/07/2022,tutorial,23977,1964,925547
d56mG7DezGs,23/05/2022,tutorial,4985,576,191830
Qb_u2M9Wrsk,23/05/2022,tutorial,44083,3332,870453
mpS6UNfnajw,19/11/2020,tutorial,63543,2634,1642556
ExqpymyUFt4,01/02/2018,tutorial,12050,697,793228
oQm8Df4UYNw,05/03/2021,tutorial,101457,955,1684678
WJD8P9Fi1yc,20/08/2021,tutorial,18184,601,622551
V-7nSV5M3Bk,01/12/2020,tutorial,47823,2897,3335591
h3Xpc1KoCbM,09/01/2022,tutorial,93094,1136,26355125
GMsrRe_4akE,28/07/2022,tutorial,12502,1115,203851
O_qgaOUR3Fo,15/06/2022,tutorial,121477,2653,3218250
bRE4ehYNvIY,03/01/2022,tutorial,41409,1025,1253037
dCYDZDlcO6g,17/09/2019,tutorial,29065,2375,1592794
o9gQBGk1XaE,14/08/2022,tutorial,97091,2989,2417577
UxQg3_Cmwhw,30/07/2019,tutorial,869059,12196,21485819
ZIJpiMXOaUg,23/08/2022,tutorial,10595,826,345071
QGm6v9-1ZBU,01/02/2017,tutorial,190593,5568,11034311
LeC5yJq4tsI,21/08/2022,tutorial,57526,1115,1204024
jL0qadiKDlQ,18/07/2019,tutorial,407460,40969,11745320
cHU8kPS9vEY,08/09/2021,tutorial,186142,5329,5646817
ud9TRfHA1EM,25/07/2022,tutorial,375997,2031,7009241
lMmqdJG1i94,29/03/2022,tutorial,702681,15608,7892369
YddlgO8ZN00,22/01/2021,tutorial,8851,287,525488
54CXEWwy5U4,23/08/2022,finance,113,32,5110
ZtiuDBnbYmk,24/08/2022,finance,954,81,13991
0vEdNPoeemQ,22/08/2022,finance,40,14,2783
gwCWtTzf4Ss,22/08/2022,finance,765,319,100366
gNC_d2G_Eyo,23/08/2022,finance,59,23,7093
TnOvQ7Tae8I,24/08/2022,finance,13,21,1485
RqziFH-RdJI,20/08/2022,finance,346,65,29751
V6hofBnlJLY,18/08/2022,finance,16,3,83121
5_NdbRUNjoY,22/08/2022,finance,1834,500,39296
KoAXaMX_Bq8,24/08/2022,finance,44,6,2597
REEBfd1EbhI,21/08/2022,finance,66,13,3882
JpleDvbCvbE,22/08/2022,finance,36,40,6709
fkzjkU2Pemk,21/08/2022,finance,124,72,7816
wvXDB9dMdEo,06/01/2015,finance,53635,1650,6224649
7RvBj9r5Dhg,23/08/2022,finance,29,2,2285
WEDIj9JBTC8,27/11/2012,finance,213398,13619,9450554
Dugn51K_6WA,14/10/2015,finance,17269,903,1366364
dCfCJ1kAPeQ,19/08/2022,finance,68,40,7325
eQeoqm8q1m8,18/08/2022,finance,96,45,12456
wjhbTqGt5tc,24/08/2022,finance,14,3,1195
12VhIiNsmoQ,21/08/2022,finance,490,185,32926
Z1zGF078tWw,17/08/2022,finance,4590,1035,255706
FoLhnfKA-B4,19/08/2022,finance,69,2,3534
zhUnEg0he4A,31/12/2017,finance,39868,1068,2797148
C0YBeTs3Sr0,19/08/2022,finance,83,32,8862
PMbu27Yjs40,20/08/2022,finance,51,36,4384
DUi-noArzW8,17/08/2022,finance,19621,7087,890196
7oj6gpAbYgw,11/07/2021,finance,37925,3545,1213867
ZMsam_0CObA,20/08/2022,finance,24181,4776,608005
bMXTGGxrQ3A,03/11/2021,finance,29610,1473,637152
_kGzxVf02M0,18/08/2022,finance,1692,268,93564
mAukJsMg_xI,14/07/2022,finance,2236,595,118523
oSGld-eY7BM,02/08/2017,finance,4894,201,196484
jNA6j8rsa3s,20/08/2022,finance,57,13,2548
vkBWC70edhw,19/08/2022,finance,319,180,29180
5eGRi66iUfU,19/11/2016,finance,19352,597,1344472
RbT6GksZOmk,22/08/2022,finance,404,30,22593
0uYnj1i1EQw,23/09/2020,finance,40534,1851,1257676
KuttwkM3LEc,17/08/2022,finance,1289,1852,189066
Rhbmn9elNcc,24/08/2022,crypto,2713,115,46082
B95xYAfRCtY,23/08/2022,crypto,34468,4428,390348
M5Ul0c_Wd-Q,24/08/2022,crypto,5595,641,77109
U-WawEOgGLA,23/08/2022,crypto,1720,272,20600
TbAo2-I_UcU,24/08/2022,crypto,230,95,2201
uPZOzWFr5KU,24/08/2022,crypto,27738,2355,474368
JJeWBxhXWGM,23/08/2022,crypto,12829,802,192740
fhfcEigOfqA,24/08/2022,crypto,3405,171,57692
wX4_IbxeDpU,24/08/2022,crypto,1908,199,23786
M9ASq40D1P8,23/08/2022,crypto,3400,170,45779
E3R0mnnMP0k,24/08/2022,crypto,212,429,6443
fatt4mTXxeI,24/08/2022,crypto,1700,60,21012
GAUDp-iw6z0,23/08/2022,crypto,90,138,7050
9Nv6cfEbWjs,23/08/2022,crypto,765,463,9585
fABgTl593C4,23/08/2022,crypto,2645,102,35571
lDcqVQnptw8,24/08/2022,crypto,827,568,8502
JpJ2-wjxzCE,24/08/2022,crypto,626,49,7989
L1IriPbz1EU,24/08/2022,crypto,2015,239,18216
WTsmsij8ge4,24/08/2022,crypto,3179,184,43235
8JE0yOUAFmM,24/08/2022,crypto,431,154,4247
ROcNcDiicGI,24/08/2022,crypto,1992,216,25115
uTrnjvYD1Bo,23/08/2022,crypto,1450,238,15689
Q_zgBWGwRpI,24/08/2022,crypto,1462,83,25316
mLXELbuQNQQ,23/08/2022,crypto,1324,249,30328
bsWdHTTvn10,23/08/2022,crypto,2719,168,48051
EPQJHNXdJfM,11/03/2022,crypto,182663,6456,6366422
RxFc-B0nWaQ,23/08/2022,crypto,476,280,6160
rwUuug2dzk0,24/08/2022,crypto,66,105,1616
CEZ2UPYnPUU,24/08/2022,crypto,105,51,1599
JsU8L0Vd0DM,23/08/2022,crypto,1493,69,23035
kTwoBKSefKQ,23/08/2022,crypto,3638,314,39409
74d7rGfrW54,24/08/2022,crypto,408,45,7771
h-NVvKlwItY,24/08/2022,crypto,257,27,2742
2POK4LI1Xt4,23/08/2022,crypto,3091,200,52909
sPrDiRxRjNI,23/08/2022,crypto,3916,158,30871
BrB7EgdkQ6Q,24/08/2022,crypto,357,101,10554
e8IkcY-5SPw,24/08/2022,crypto,92,55,2546
lwk6GsEsOa8,22/08/2022,crypto,2258,125,28047
Q6D14KkvK3o,23/08/2022,crypto,2539,314,36410
rRlyx054z20,12/03/2022,crypto,95151,3859,11805668
hguYY6DvuFA,23/08/2022,crypto,4303,360,46495
y-Ai1SXe2n8,22/08/2022,crypto,2379,177,31510
4rFglVbT-1M,23/08/2022,crypto,757,35,9099
M-PNseEteqQ,23/08/2022,crypto,310,114,4723
djKoPtWQa1o,24/08/2022,crypto,629,202,8867
L1myCVUeR4Q,23/08/2022,crypto,705,627,7516
qb9ldWdVJP4,23/08/2022,crypto,1021,634,11448
IsKI359lAbQ,23/08/2022,crypto,1606,183,27258
smp-vZwlyrQ,24/08/2022,crypto,418,71,5034
FCHw3qpog_Q,23/08/2022,crypto,1987,181,25648
Gn5UtuyHhzo,23/08/2022,cubes,2072,156,79265
KWYb7pxhhWM,27/02/2021,cubes,111085,18963,10963984
MyDnyfS7c1g,21/12/2020,cubes,32280,2947,2570601
KGvQRaK1mvs,24/05/2019,cubes,511551,25520,49429306
Qo9WqPfcMDQ,22/12/2021,cubes,15064,1245,1669884
vgicYVYft3s,23/08/2022,cubes,23205,1028,235294
wsaYy-YHLWs,26/11/2021,cubes,9760,879,380649
Zexcefmr0cY,10/07/2021,cubes,2025653,8188,58590655
cq1rdB4Nu4o,17/02/2020,cubes,233724,8895,10608521
R-R0KrXvWbc,05/09/2019,cubes,339759,32717,29905105
G1WctpbuWyk,24/08/2022,cubes,11069,298,156011
2qXhKXCILLg,22/06/2022,cubes,275,14,21114
ymIF1sPtcJc,03/12/2021,cubes,46684,1770,1962673
Ycn6-ydiEeI,08/05/2022,cubes,11943,1582,838788
kkaF1pyhYAA,04/07/2020,cubes,20909,2455,1782074
R2SnOAXOqX0,21/08/2022,cubes,110517,493,1847672
eB5XX_-tiPs,26/02/2022,cubes,36738,967,2458686
JAxKVxo8LFI,16/06/2020,cubes,19054,1926,900960
C_8BN_CL2tw,07/04/2022,cubes,228332,689,6329576
2ze9mm3tZTA,23/02/2021,cubes,39281,2003,2372539
5Ab5rhdwEQw,18/04/2022,cubes,867676,8428,16209382
rN-jJRLe0uY,06/02/2021,cubes,50788,1455,5281537
nZ7m5UDvfps,29/04/2021,cubes,428683,2964,12964069
E7-0GYMCwyQ,08/02/2020,cubes,129552,4612,13278916
U8Y9a4ktw34,03/04/2021,cubes,9432,510,738726
axyNCiXeym8,13/07/2022,cubes,634419,7981,6170029
MtS9rIFQacU,17/04/2022,cubes,79852,2601,6149318
_LHo5ZRE3es,28/05/2022,cubes,60991,278,1134047
egGtItqv8ss,24/03/2020,cubes,82390,1772,10106841
6MWTTiNhu7I,13/03/2020,cubes,636440,16875,39581966
c-UYuy7ttFg,11/01/2022,cubes,309903,995,7308863
LIdwACwZ7E4,07/11/2021,cubes,837671,5178,23535618
AuYVJWN-A2c,17/11/2020,cubes,51599,6817,4795109
CkhgF-bP2cc,24/07/2022,cubes,205854,338,4543326
ElSQJJ_dnSQ,03/08/2022,cubes,94707,81,2036446
23-ZSXAdKkw,20/04/2022,cubes,308847,1487,5884330
BiLRJyI9KPk,17/09/2021,cubes,367266,1001,10125075
kmrZyByO8Qc,29/11/2018,cubes,752667,6382,50348575
mvhz2HTGf3k,02/08/2022,cubes,150,14,10146
jnc2M_aLtiY,12/06/2022,cubes,356355,1413,5533307
ulLge_FqRyI,15/07/2022,cubes,81516,77,3074914
fUwXjv-9VZU,10/11/2021,cubes,40407,149,1574015
l8nAhqoo_sE,21/05/2022,cubes,23288,1633,1360604
kw1LyzdWaDo,24/06/2022,cubes,402045,2922,6742766
7Ron6MN45LY,19/09/2018,cubes,461154,47971,38289391
h4UqMyldS7Q,24/02/2009,cubes,2307773,71897,168546247
9y9hhI90Vk8,02/11/2021,cubes,738796,1960,24994827
PFA-RmV_wG0,29/09/2016,cubes,954935,28908,94900199
5s5BSfHKauw,02/07/2022,cubes,7004,412,457957
gwKFZlyZ99E,26/07/2021,cubes,41945,1808,3157064
0w7AcgGAPss,24/08/2022,chess,11053,1264,180651
DP-K0mYHeD0,24/08/2022,chess,1411,221,36310
xHWuoy4yJGo,23/08/2022,chess,1569,167,55539
hUiimkqWupY,24/08/2022,chess,2547,263,85191
GLpYQCCcZ6w,23/08/2022,chess,8907,1122,170926
9FPqc2iXd0U,20/08/2022,chess,1678,83,141306
2pt9bQzRCYs,24/08/2022,chess,8738,412,53211
YeB-1F-UKO0,12/09/2019,chess,176829,6375,7571701
kkOweffr3II,21/08/2022,chess,2546,173,51885
JGe7fInlJaM,04/08/2022,chess,137884,4568,3068118
mcivL8u176Y,25/06/2022,chess,77110,6113,1457290
6IegDENuxU4,17/12/2020,chess,77520,1947,2213038
UApgiHQKemk,24/08/2022,chess,621,38,21164
gVqeaFLr9Ec,24/08/2022,chess,52,11,2471
U5RPDMEjucw,24/08/2022,chess,519,9,40223
p5kFz_RdhPQ,15/08/2022,chess,1521,47,103248
mhhJFWsAHlo,24/08/2022,chess,1643,59,38688
Zxp5hZIwSEc,22/08/2022,chess,9544,820,198004
OCSbzArwB10,02/12/2020,chess,98001,3626,2615459
zpYdgUoitd4,02/07/2021,chess,34514,1228,1469736
PSEgcXUy9zU,24/08/2022,chess,239,20,4130
yf5O-PcU5WQ,20/08/2022,chess,736,39,74253
nGrFH7v3Z_E,21/08/2022,chess,2765,200,193604
NpJRRFH7xKI,18/08/2022,chess,1444,46,108383
yO0c4ztKHdk,21/08/2022,chess,901,53,78841
M1ZAP5H_o8s,21/08/2022,chess,4783,184,137405
PBTy3TqWmgk,16/08/2022,chess,5444,684,229865
SXrKRA_KZ5k,14/09/2021,chess,46158,2486,1142057
CS3RauXJzBA,23/11/2021,chess,160983,6443,13844095
#NAME?,16/08/2022,chess,1234,44,92760
_9Ly6jx2uz8,05/04/2022,chess,7927,603,466494
4y4V0ndpyJk,18/08/2022,chess,814,27,55105
cGlAN4YxWVw,20/08/2022,chess,4232,283,124442
BkC1xEZn-6o,10/06/2022,chess,10670,1189,1020154
Rk4bAofG8xE,18/08/2022,chess,8534,517,254621
vK00aD8FmsE,23/08/2022,chess,589,17,47926
wxuyqABS6kQ,12/12/2021,chess,136598,4140,5231674
DCHo5HSIkRA,17/08/2022,chess,1314,84,100586
Jc3TgOaC_5Q,19/08/2022,chess,9062,452,200847
zdsdEVngg7Y,22/04/2021,chess,90491,1633,2854238
D2Gs5upS1AA,02/09/2020,chess,44471,1359,2853191
hF4X7ZkaRTE,18/01/2021,chess,19895,1434,1094217
Od3gG13tyf8,04/03/2022,chess,143561,8930,3854528
t8IVLOM1fXI,07/10/2021,chess,117286,4398,3128517
D2RrRsBgbv0,12/08/2020,chess,219213,5353,5423172
#NAME?,24/08/2022,chess,58,21,601
JLt4ZYoaj3c,24/08/2022,chess,383,14,4951
4hzVivXyhyo,24/08/2022,apple,915,107,47811
9Q9z1cDxo50,24/08/2022,apple,1294,163,42191
pv5v20md5Sk,24/08/2022,apple,4187,723,83807
epMDcAG_YjQ,23/08/2022,apple,7385,1081,132072
eqOWtZHQV3I,24/08/2022,apple,3586,295,108055
ByVAo54hYeQ,20/08/2022,apple,5638,520,255839
be1frkduYbY,24/08/2022,apple,184,47,1954
kmHrlTdUYwM,24/08/2022,apple,282,29,9401
otsvpBxGtKQ,20/08/2022,apple,478,137,31657
VHQq2fLD7AU,24/08/2022,apple,358,21,4639
cqwpLa7eN54,16/08/2022,apple,4248,593,154901
AlHcBLIJXeI,24/08/2022,apple,1818,181,27676
JV_twMJbCik,24/08/2022,apple,1916,209,61195
P3Q5XYacz5E,13/05/2022,apple,91267,8050,5210940
N1kjLnSv6Wg,30/07/2022,apple,5409,698,378563
X-hJj5hKrdo,20/08/2022,apple,332,32,49591
Ct6BUPvE2sM,02/11/2016,apple,4144389,294428,425478119
GAyMEqZZxWA,22/08/2022,apple,4706,321,164331
QbVQuA25GDQ,08/08/2022,apple,4976,599,151259
emANU6ca7D4,20/08/2022,apple,1111,138,189956
2F3B9crtqGo,22/08/2022,apple,8520,1146,184475
Byb2W8hTbik,27/07/2022,apple,13488,1181,307938
mrA6g8HjDks,17/08/2022,apple,3464,416,276221
N3odbO3RlTU,02/08/2022,apple,29026,2530,425880
4FIMPFdROsc,05/08/2022,apple,3227,296,281839
WfVF-Ec4naQ,11/07/2022,apple,274209,9651,7544821
xXzX0ZMMRX8,06/08/2022,apple,3362,441,142040
ug_ArwfWoAo,23/07/2022,apple,17728,1841,356678
IQgSWzAMp9o,19/08/2022,apple,2707,542,169562
z2SVnlVxWMM,11/08/2022,apple,3102,460,229928
7rUAVcWQjso,05/09/2021,apple,38261,2271,2644603
oVofe7dZ5Cg,18/08/2022,apple,2254,1032,282480
JVh6j5LvLzE,24/08/2022,apple,2374,310,29780
xf2DPY3vGto,16/06/2022,apple,245113,28583,4876825
9xpri0BLLio,17/08/2022,apple,3216,392,62815
Dm_x7ypFwgo,10/07/2022,apple,2839,472,228752
wmOUOo3QM0U,23/08/2022,apple,2330,384,25865
zDiC8KexSRM,02/08/2022,apple,3908,61,174482
uWJE4LtfHvQ,21/06/2022,apple,11148,814,425073
HOaxJU_xCiE,23/08/2022,apple,2949,272,38520
NO49tLohULQ,18/08/2022,apple,1194,431,34954
Qz6vN8Hp8_o,19/08/2022,apple,416,94,43591
kgCUn4fQTsc,23/06/2022,google,52147,13199,2343365
YU58UOXGrqU,10/12/2019,google,472660,37391,14296001
Cxqca4RQd_M,26/11/2019,google,1046404,37539,34484565
Z-pT0XDYvDM,18/11/2020,google,36387,1789,2530836
FzG4uDgje3M,05/04/2018,google,16445558,732818,4034122271
QKI9IBB8nyE,24/08/2022,google,269,33,8064
Nsbp0GQHOGc,28/04/2016,google,234520,9846,14269018
IwUZrxaX1A0,17/10/2020,google,193174,4232,26160434
qllLgFXbkxs,01/05/2022,google,261832,8894,8496353
wrBMkRQkRNQ,10/04/2022,google,33213,3070,2017263
l-d-_NXJtww,14/03/2022,google,49192,1123,2009963
xvNvj7ku5pY,05/06/2022,google,99436,19837,3934199
e4con87R_Dk,11/07/2018,google,8383,773,9826182
U3DNz5asasA,11/05/2022,google,102993,6346,2568894
BwcVm0YRvuo,23/06/2022,google,53545,17946,1711823
OU1iQTp5r0k,16/01/2022,google,197069,5574,4676492
JaUCiKTNBxQ,08/08/2021,google,107571,3380,6123730
UWe4aMPAyvc,11/06/2022,google,11474,1011,374525
njiSn2aaS88,26/01/2018,google,51098,5463,9914057
mp5WovpgGH4,07/01/2022,google,29265,1366,2006133
U-ZMQIiRfvk,26/04/2021,google,237800,20092,9277945
RB-O0V9djEs,06/07/2022,google,56392,11848,3457355
5VdfDltntXQ,18/10/2021,google,20365,1223,1576038
ZUFkVY-awuw,02/12/2021,google,38810,681,1837300
PPXMc0sRDn0,19/12/2021,google,88325,1460,15836037
AFzLaosalgw,25/08/2021,google,100232,1563,2313225
6GU91yejwTo,03/05/2022,google,3984,293,293379
2856XOaUPpg,19/06/2022,google,55521,9378,1325826
xi8Z-BdLuLo,25/10/2017,google,2991,291,4056267
n2RNcPRtAiY,21/05/2021,google,199265,10047,4012930
NAV2laKrDv4,28/08/2017,google,-1,18676,6515548
99jX8_Q_8xo,21/08/2022,google,5812,173,125307
u987sQrDsSM,23/08/2022,google,712,101,13043
Z_OZ2SvqmDU,24/08/2022,google,7636,238,136526
IZCfP13twxk,20/08/2022,google,1099,132,28386
#NAME?,28/11/2020,google,349923,4082,122994457
4VIZirQzWss,19/08/2022,google,23574,3197,1033764
beKk6mEWSuA,31/12/2021,google,135952,2131,32300300
EqboAI-Vk-U,08/12/2021,google,169669,8630,239207161
X7vVP7F3-wM,12/05/2022,google,48525,2810,2158052
dCPHGwW9SOk,21/08/2022,google,3823,444,212395
0eKVizvYSUQ,24/10/2019,google,124675,5828,20026987
CE0EB5bXj14,23/08/2022,google,17526,2667,199416
N8ULG4rr5KA,12/08/2022,google,23558,1459,587218
z-cctqMrgSE,23/08/2022,google,179,5,24650
TD81VzkLUVE,24/08/2022,interview,1011,116,34941
cdZZpaB2kDM,14/04/2022,interview,203216,17928,10786819
qtulf_yrzR0,08/10/2020,interview,19712,484,679025
fr-mwiyhZAo,03/08/2021,interview,57500,1562,1502125
YRvf00NooN8,18/04/2022,interview,155712,14340,7958011
zWaV_PTlCxk,05/10/2018,interview,82405,5855,7825074
KCm6JVtoRdo,23/10/2020,interview,120513,5782,4613254
GIABy89py5A,23/08/2022,interview,14658,3373,507836
yBtMwyQFXwA,05/01/2016,interview,98688,1818,4271973
x7sAOUnn3RA,24/08/2022,interview,1265,55,53087
wexzvClUcUk,04/07/2021,interview,223844,3600,5847791
3L4m5ZMzf3A,16/05/2022,interview,249384,9423,3593833
kayOhGRcNt4,14/12/2016,interview,454863,8266,22529756
wIjK-6Do6lg,12/02/2019,interview,116385,8881,5132684
umQKkcBPL08,10/06/2018,interview,130176,8669,5923959
S8XAtUfeMhM,24/08/2022,interview,469,20,19622
#NAME?,03/08/2021,interview,19630,515,621093
HMQlA-TIAsk,09/09/2020,interview,59933,700,2117474
5v-wyR5emRw,25/12/2019,interview,493471,10226,12382988
M69NaqGLfwI,24/08/2022,interview,14566,725,270284
huVYx9kqR1A,04/08/2022,interview,32009,1605,1693731
spfR33pcvio,24/08/2022,interview,878,31,37711
rqNvJd5ORKo,24/06/2022,interview,16414,3694,782934
HG68Ymazo18,03/01/2020,interview,38397,780,3114396
VBFvRLyvDqU,22/08/2022,interview,14211,2341,409554
Gm0VRaAqcOs,20/12/2021,interview,15576,488,427945
vZaxwblyWkU,24/08/2022,interview,189,62,7487
VyCDkZBYGjM,24/08/2022,interview,1827,98,120365
IV30jAw7dxA,21/11/2019,interview,33967,805,1187250
9FSSu8Ix0PA,13/05/2020,interview,14030,586,544895
ZEtPV-qvLe8,09/06/2022,interview,76431,48673,3463977
rXZMlyR1Fbw,13/05/2020,interview,7850,124,240428
lGIG3dpMXEI,11/03/2022,interview,97646,2095,8339001
4CDX8-Ci17o,23/08/2022,interview,97,21,4976
B_LmCruLjis,11/06/2019,interview,37455,1700,2199261
cR6YDEiptyQ,02/04/2022,interview,16646,2556,1010630
pdZ6rEpfjzM,08/03/2022,interview,19583,3427,1686785
WOHFlwYV210,16/02/2022,interview,22624,504,565863
H8KXz2aFMNE,07/06/2022,interview,17160,3193,1118396
6BDqTtQ6byg,28/09/2021,interview,316652,16002,5850945
WN6Sb4SrK4c,28/06/2020,interview,52635,41229,2884100
_EPs8HcCOiM,22/08/2022,interview,978,178,92841
mWSVB7FMmoE,17/02/2017,interview,25287,993,1545582
TtGEf_3xhA4,24/08/2022,interview,1500,191,44809
fXS_gkWAIs0,05/08/2022,interview,212578,27929,10730641
xAiogA2S3dw,26/07/2022,interview,2936,757,195618
_zxhBau3IU8,23/08/2022,interview,15301,2516,520431
JgOW7_3mszg,24/08/2022,interview,242,28,2587
yTqafU2dWeg,12/08/2022,interview,52335,5602,2399810
mq-t7zw4WKA,17/08/2022,interview,5512,866,411015
gQSdNZGUgIU,23/08/2022,history,1449,332,70483
eO1ElsB6FzY,24/08/2022,history,6002,2147,305772
PyAM4wFHR08,23/08/2022,history,2644,427,127748
UzAzytHg5Yk,24/08/2022,history,5762,778,132646
yjmp8CoZBIo,26/01/2016,history,5400589,434688,434352213
6DrNC-xQcGs,10/10/2018,history,738439,23522,66368842
p762wXX2clM,29/07/2020,history,96563,1586,8946712
dDzp4YXpzLk,24/08/2022,history,8912,1238,164869
Dr9SQF9VP1Y,23/08/2022,history,1542,97,39193
9cdUxZuarL0,30/08/2020,history,41389,3668,10275325
olTClLF9JuQ,19/06/2022,history,31479,5070,2468059
xuCn8ux2gbs,10/05/2017,history,5471653,395657,147339243
pX7F-Hxvr80,31/05/2022,history,10415,621,1045028
uC8TK7GH85o,17/07/2022,history,5424,555,293213
gzse_FxSmqU,19/07/2020,history,10380,496,1695814
Q-mAWItV2q0,08/09/2021,history,47683,2407,5399988
#NAME?,23/08/2022,history,160,10,8135
k41dlyRQsBs,13/08/2022,history,1507,86,95369
muFV-ismkAA,25/04/2018,history,26849,1293,2666406
#NAME?,13/04/2022,history,11595,2294,1487029
ZBDLEROHj9E,20/08/2022,history,14800,1070,280369
s3YTfhJmh1I,11/03/2020,history,213630,18062,9024180
J9DwXeAtWrs,06/04/2022,history,16874,1248,1687706
a2a4oR0ZUYE,11/03/2020,history,72348,7260,3046581
IV3dnLzthDA,22/04/2022,history,702117,41105,22100487
0GbJ3dciyO4,23/08/2022,history,1811,48,79531
UUNFQNiU2GM,22/02/2022,history,9669,458,1008972
_i54q6j3rtc,22/04/2022,history,20363,919,708445
XueMKFSbVcA,30/11/2020,history,12009,2041,1135106
TvVdIHTVog0,23/08/2022,history,4066,174,72885
_aEJIUnxcrc,02/05/2022,history,20018,726,821480
Vx0xhwzdLl8,20/05/2021,history,56485,10299,5464252
ExvEIOWB-H0,28/01/2019,history,29974,1394,1453787
bwQwSBlaHxQ,09/08/2022,history,1313,138,51321
kkOweffr3II,21/08/2022,history,2546,173,51885
putm_kpZW4Y,17/12/2021,history,66783,4911,2040877
lGKomk6NwmE,02/07/2022,history,9165,1094,649114
B2-aQ26Sk48,20/10/2021,history,144074,5273,6037721
SK6OoHWI_W4,12/12/2020,history,89572,4084,4562145
dW_ekZRGalk,10/07/2022,history,15858,1995,568816
bf-SUOCqbrI,19/06/2022,history,27854,1536,962507
E8epmFE25xY,01/08/2022,history,11841,2787,482392
j1hkwWi1YxM,16/06/2021,history,32884,2505,1296777
h3E_32JEjtw,19/08/2022,history,5931,469,146774
RsO9CiC57Mw,23/08/2022,history,385,44,11745
BRXE6R8FYw4,29/07/2022,history,2229,173,70762
399s6qrSbgs,15/01/2022,history,29014,1356,2295412
gEl4A0G3poQ,20/08/2022,history,8731,954,502221
O4ju5QDfqCM,23/08/2022,history,1027,111,6640
j4kI2h3iotA,04/04/2022,history,126726,20122,2453529
MSYw502dJNY,15/11/2012,literature,56906,6168,4231789
4RCFLobfqcw,18/09/2014,literature,15425,471,920846
MMmSdxZpseY,27/05/2016,literature,66550,2778,2609123
xz9rfDm1Wr4,14/04/2016,literature,3112,69,146080
mvkRT0_Un_4,07/01/2020,literature,3429,82,101986
MGyvlLR2a0c,30/04/2021,literature,3251,159,157525
d1W7wqXD_b0,18/09/2015,literature,24425,662,994999
qvbMNIViMq4,03/01/2022,literature,275,30,9780
1SuHkY2wAQA,05/08/2016,literature,17610,918,956340
zNEpojtXotE,15/01/2016,literature,34870,1370,1453590
pBG10XnxQaI,18/09/2017,literature,859,38,39944
eREopphW5Bw,31/05/2013,literature,3172,88,257199
g4LyzhkDNBM,22/04/2016,literature,62103,2458,2027462
RqRLC4vnJEc,17/03/2021,literature,27277,846,507103
Lr6DYLBkyG0,05/02/2016,literature,34040,1178,1466906
EuxyQgS-Hu0,06/11/2015,literature,47644,3556,1061608
vv_N_vK3OJw,05/11/2021,literature,4748,135,47619
LIYiThAyY8s,09/10/2015,literature,14691,349,719270
nllDcnfoH5A,17/04/2020,literature,3408,58,140607
N9dB9BZWDBU,17/06/2016,literature,15399,613,896227
oarGRayak5o,11/06/2017,literature,10877,428,739507
gzeDQDbJMAU,09/09/2020,literature,27439,792,604827
Jw7kdOK2qUM,24/08/2021,literature,36272,800,518790
7u9MtqfcWaU,09/10/2020,literature,6686,292,439103
qg8E-rdG6W4,15/11/2016,literature,3312,178,91932
WcMWPIK0ysk,25/03/2020,literature,4407,170,68989
LAzKGkTIKpg,13/05/2016,literature,33744,1281,1804121
BzQCxasdUvg,10/05/2020,literature,1449,89,58621
T2GIretcN_g,01/03/2022,literature,4439,565,67276
TdJxY4w9XKY,27/03/2017,literature,32043,2960,1713463
Vc_Yu_61Ymg,14/03/2021,literature,10524,403,311071
zIYC6zG265E,03/04/2020,literature,30633,610,1707883
kvXU3vzHq8E,25/11/2016,literature,48535,2309,1912405
IskEx0tgoo4,08/07/2014,literature,5449,533,596680
MS4jk5kavy4,27/02/2014,literature,47782,3410,3330650
TpE8TiN8HyY,30/08/2018,literature,356,13,14593
N1Vdi3c7uhc,07/11/2020,literature,131,3,7966
ufLKDNlLrAQ,02/10/2020,literature,33130,1294,2792013
UI9I2p71ct0,28/05/2021,literature,2459,162,72310
KkAnKGuX7fs,25/03/2020,literature,7530,129,646913
CJmNsmS1mlY,09/03/2021,literature,842,66,18837
rnHvO5aRXq0,04/04/2018,literature,4721,181,391796
cjNJs5v0WEs,09/04/2014,literature,13526,326,1048396
2IUZWZX4OGI,28/06/2010,literature,11675,1228,1550802
jKL2pdRmwc4,18/05/2010,literature,2766,224,441183
sidEpKTtw8M,21/04/2020,literature,48,1,2847
ul1H_p_FeaA,17/04/2017,bed,1121873,23969,145167323
O3H57UrX4MM,15/02/2017,bed,79639,921,10792977
82t_UOMHPJY,16/07/2007,bed,515049,16568,78137822
zxtl5ExJmag,07/07/2018,bed,1499298,75048,94340456
mD2a9YzKV3w,05/03/2021,bed,157924,2760,29657435
8mOPFGfJ5WQ,26/02/2021,bed,121553,1171,26260197
Oyo3tNlamDw,16/08/2017,bed,340686,8853,35695760
IlRN5v5k5SY,31/03/2021,bed,6626,64,401678
jJPMnTXl63E,01/04/2020,bed,7786057,195769,524709805
uAwPjFq1W4s,11/12/2007,bed,119272,3743,26826274
Z2liyRt1bQM,12/10/2021,bed,23477,309,1345689
1oONLOsajCA,15/06/2018,bed,4644,63,392314
3Dg1CT31_uw,17/09/2020,bed,789062,14192,58921922
Ha80ZaecGkQ,16/12/2009,bed,1430457,84188,321977550
ov-duXb7llk,16/02/2017,bed,1158,19,85052
Q_ljNRC8qqM,28/09/2011,bed,361395,9234,50358797
OBeDns9Qto8,25/02/2021,bed,17286,277,1603229
qcfcvkg0VX8,09/04/2022,bed,85527,1347,6055668
1EX3OPwzCJU,21/06/2022,bed,203103,5814,6644534
u99AklNGpyc,14/03/2020,bed,1301198,40137,98559845
NvR60Wg9R7Q,17/06/2009,bed,1072689,37571,302125099
MbQytfUd-lc,23/08/2022,bed,2122,36,164940
kMVqXKkvFFw,13/12/2019,bed,397142,6354,49183640
pMPEd48ktlQ,30/09/2018,bed,2206,30,157632
whlWz4LZaBk,25/06/2021,bed,130796,4106,9493733
Q7a2gKchVlc,03/01/2022,bed,6366,54,302407
k05LqUEb07E,24/08/2022,bed,25,26,4454
WQkl1utfHVM,20/08/2022,bed,5716,687,153064
s3EISTf1prk,18/08/2021,bed,287759,10036,4288625
dK2FJQX24Io,21/01/2021,bed,57666,2683,2966344
7TVOSA2Jau8,18/07/2021,bed,362022,10409,11440455
nhBorPm6JjQ,07/05/2011,bed,1171433,61344,308501014
igg4TWRL0M8,09/12/2021,bed,16578,119,1088318
XuUoGFEkutk,21/11/2021,bed,26215,959,693153
eCUqsfjdHkA,31/10/2017,bed,232336,3681,33227408
I49o9lfftcI,07/06/2022,bed,6201,314,467835
GlsFxbhWOS8,27/06/2021,bed,135484,4557,5301271
MsqxwdWI6nE,12/05/2022,bed,153490,12872,5637132
vcmv3tfuk9I,02/10/2020,bed,288,8,20076
_Ixip0K2r10,29/09/2010,bed,144517,4933,19210396
XR2mKfAfL20,18/08/2022,bed,35503,974,1206538
GkKDCgjHIOk,25/04/2022,bed,74840,1286,9224408
xdi_yuSgQw8,23/12/2009,bed,160501,6539,46251795
VfVmCnCP7Mg,21/06/2018,bed,394837,13938,42257995
S0bzWMOXqy0,23/08/2022,trolling,3075,225,42648
iUaMRSfty5Q,23/08/2022,trolling,24505,1085,426409
EEZ11G20VHM,24/08/2022,trolling,7364,653,100979
1H53kTcP1no,23/08/2022,trolling,12928,1001,109363
d4v0E7kkaVQ,07/01/2021,trolling,125907,15131,1425150
fdkZJtBPIsY,12/09/2021,trolling,251667,6894,7433726
69P0Det2tew,26/03/2022,trolling,28773,780,928704
oiYLGI0zsXU,18/04/2022,trolling,319390,7746,3433953
CzzKaMWA_xE,21/05/2022,trolling,28453,603,743338
qp_UHmCaYOo,11/07/2022,trolling,2464,296,57850
9c6MIBV1OpM,16/06/2022,trolling,27780,1518,960994
jwhin6j3LbM,07/03/2022,trolling,32006,2924,534114
j8UL2ODl6EU,16/05/2022,trolling,2769,363,63870
653cIGiPNHY,14/06/2020,trolling,430267,12839,14286302
Ux3pS-GZ0AY,25/05/2022,trolling,22283,1331,613757
nc9iZp-1seQ,27/09/2021,trolling,133987,11698,1345404
F9Gtay7tp7w,11/04/2022,trolling,44783,1921,1198270
cxFsFDE-tfQ,08/01/2022,trolling,49530,2477,1212736
lZhA0de9Psk,02/10/2021,trolling,96363,6337,1484533
CunuMfrV6Vg,05/04/2022,trolling,91777,2658,2333380
nVJ6KcFYGyo,24/08/2022,trolling,608,136,10509
pKum_Y4mXRk,21/01/2021,trolling,153762,26601,4364168
KjRlohbLxIU,23/08/2022,trolling,451,85,7383
xA38Ry3zmvo,20/07/2022,trolling,13777,585,338844
HguHdjnLqTE,17/11/2021,trolling,106511,2800,4502356
d4kAPWBH3e8,30/07/2022,trolling,15082,753,310738
iyUoHFClJVg,04/06/2022,trolling,29921,1783,1005072
bCoRtjPU-D0,08/03/2022,trolling,20616,879,425099
2x-VUP_czUM,09/08/2022,trolling,37296,1088,855392
DCY1ZL3yJE0,02/04/2022,trolling,22894,896,420420
llfQoYue0Yw,12/09/2021,trolling,455277,12904,9736125
kkdUBBMNpI4,31/01/2022,trolling,127211,3593,2987298
5u0LUssIl58,07/04/2022,trolling,10705,761,639089
ioSRdn80cXo,06/06/2022,trolling,25917,1094,608323
gTno-x16v8I,13/05/2022,trolling,29615,1510,869372
WwIbtwd1wqM,13/08/2022,trolling,3237,595,80522
GJj8DmOMvUU,22/11/2021,trolling,100199,8790,1430388
HIn28gPT6T8,02/08/2022,trolling,6253,359,115655
WKNJTJSzi58,11/02/2022,trolling,6189,276,328489
uCIFZ3YSia0,20/08/2022,trolling,1213,144,53965
_0_RmPq52Ik,01/05/2022,trolling,33974,695,715895
mizjkPLUFYo,21/08/2022,trolling,10724,3548,186568
TBl0v30uems,14/03/2022,trolling,36776,1192,740962
LVOxY8l23xo,23/08/2022,trolling,4873,319,64877
UEw6eTVzq8U,24/08/2022,trolling,1229,54,21962
S4JxreI4Lo0,21/08/2022,trolling,804,85,14721
k1YrhR5w_Fs,16/04/2021,trolling,76217,2645,1266882
I_qoC3C2xvM,23/08/2022,trolling,344,101,5388
x116DQxj6yM,21/08/2022,trolling,1139,59,128524
amrVJKhr_ec,23/08/2022,trolling,467,31,36585
yDpjxOxWNOA,24/08/2022,asmr,14787,747,296801
fyDC5d4E-eQ,23/08/2022,asmr,4855,255,75586
tNwrZNSe4xM,24/08/2022,asmr,4296,269,78423
DdcML4Tfn7k,23/08/2022,asmr,2945,207,58050
XzyMYgwxPyI,24/08/2022,asmr,1804,128,24792
cbwLTBpis-s,24/08/2022,asmr,8534,436,138803
0neHlwthEvM,24/08/2022,asmr,1808,151,36473
zdFD4aJojF4,24/08/2022,asmr,701,47,16243
AhMmX-QvNu8,23/08/2022,asmr,597,71,10572
jFnV2uXoSII,24/08/2022,asmr,3344,142,55828
mqc6QqoGNWI,24/08/2022,asmr,563,86,14537
Bz1ppTmOLUY,24/08/2022,asmr,2025,320,32988
uSXTOxDME_g,24/08/2022,asmr,1031,75,19755
4GzT3uraGiA,24/08/2022,asmr,1717,114,34348
6jvrAjL3JnA,24/08/2022,asmr,4512,349,116672
#NAME?,02/12/2021,asmr,454036,6622,23568994
SYNiH5IYZCE,23/07/2022,asmr,56993,2142,1686249
#NAME?,09/08/2022,asmr,34526,1668,1018753
YSUuBk0wlwA,24/08/2022,asmr,11283,378,261713
2kXKZ0kWHhY,23/08/2022,asmr,18685,385,464557
JSoGsO6n-qU,09/04/2022,asmr,96744,3114,4309217
xv_5rueuQ4c,23/08/2022,asmr,311,14,10108
YwjuZyliaTo,24/08/2022,asmr,1362,269,43743
V75oh1i40Pk,24/08/2022,asmr,875,58,15786
sli9jhUvKFA,22/12/2021,asmr,16649,370,951514
R5R95xV8r5o,23/08/2022,asmr,815,43,6178
uTLt1bb-eFg,24/08/2022,asmr,1722,124,25331
Am-OokvN-ek,26/07/2022,asmr,35777,1237,1228300
R0w1pKxEDe4,23/08/2022,asmr,423,68,9245
QzXuTZRgOiQ,14/08/2022,asmr,9886,525,297290
JaqesAupcVA,14/08/2022,asmr,51772,2918,1075761
aEu6fcwWCOg,24/08/2022,asmr,703,283,8694
rmWXRoJVxh8,15/10/2020,asmr,148120,12399,10008290
WzSJM31H4oU,23/08/2022,asmr,4656,296,31449
cEvucCcV4ok,24/08/2022,asmr,2237,221,33028
roYNixE0N1c,24/08/2022,asmr,2011,130,16887
WAKjzzAAYRo,10/04/2021,asmr,618688,13240,33779197
AfHGm9vgoOM,24/08/2022,asmr,2786,253,26789
RuoNDegjPts,13/08/2022,asmr,26419,1191,747110
WDZmnkfaDF4,30/07/2022,asmr,17961,695,463378
P0OK4LDOk_k,03/08/2022,asmr,61031,5037,1229745
tATTLWTfoaY,11/08/2022,asmr,12942,299,369997
8s2WrDhdS08,30/07/2022,asmr,26859,1357,904713
TmQDnTBle8M,17/05/2022,asmr,13542,422,619387
PyynWtxu3ac,24/08/2022,asmr,6160,311,146821
2sZvLAiNlmQ,24/08/2022,asmr,4686,453,59177
pS7Kw0SELFo,23/08/2022,asmr,15150,587,319387
vO5uEF4GiHI,23/08/2022,asmr,5577,333,121692
qxI4eXGvUqQ,23/08/2022,asmr,207,26,2985
VyeTkGWcKUA,22/08/2022,asmr,15652,500,459455
u2IZJJna3yE,23/08/2022,music,109,16,9542
IMIZ1KdU8DI,23/08/2022,music,182,15,19525
3jgH5weXYwA,28/11/2021,music,83707,1717,20548194
ZgeorpjGJC0,24/08/2022,music,329,29,14336
FPtUzGdiXLc,24/08/2022,music,823,49,29864
dh01eSOn9_E,20/08/2020,music,227790,8698,13966109
ds2lVJM2viU,24/08/2022,music,714,14,119878
RjI4c-QNt0s,24/08/2022,music,5174,238,187956
4PpkuBUqmkk,24/08/2022,music,2184,3,32162
OISP12Z9TAI,23/08/2022,music,2696,18,40240
#NAME?,08/02/2022,music,94131,920,3921128
VHpFzpA9yrE,23/08/2022,music,577,46,14780
guVSqDHQU5s,24/08/2022,music,488,31,21332
fyIcQ1Xl-rs,19/03/2020,music,2286473,86935,250793774
lG-JkvTpsWQ,07/04/2022,music,10402,123,1671725
liF6L9YUg2A,21/05/2022,music,16909,215,3308580
pTnNKSVVLUs,15/07/2022,music,26306,331,2225959
NWIXrqSlNeQ,23/08/2022,music,5010,123,159448
nCt1-I1-juY,24/08/2022,music,119953,13263,1693263
7q8eed87pII,23/08/2022,music,4663,306,33480
7efofMxwwr0,22/08/2022,music,10389,905,97930
GlL40g3PXI4,23/08/2022,music,9627,577,318166
62O2-X7sJ_s,24/08/2022,music,242721,7745,5833454
UVLw1mxe0QI,24/08/2022,music,14741,913,811965
_PjhX07dsIg,24/08/2022,music,5041,252,141779
aTRFraoKh5Q,23/08/2022,music,1240,9,54917
9ITV6bDjYgs,23/08/2022,music,470,6,29055
66ChoYhqVh4,25/11/2021,music,365971,34419,35490831
RFMi3v0TXP8,24/08/2022,music,3001232,110160,23836066
jEC3MXBntp0,24/08/2022,music,1634,52,148482
RSmLubla4S4,24/08/2022,music,132,19,2944
T-86CvI94S8,23/08/2022,music,542,12,71547
uR6tgge7F0o,23/08/2022,music,106056,4284,1554691
epXH9MZLds0,24/08/2022,music,519,11,57394
XXYlFuWEuKI,05/01/2021,music,6823113,270948,915457091
smgBwwuMRJs,23/08/2022,music,1259,9,9958
wrZ4o0gxNls,25/01/2022,music,152593,3290,15666598
UtIbUxxnABI,22/08/2022,music,718,5,64395
5uI800WnpYk,23/08/2022,music,145,3,10105
riJYlRdE9g4,24/08/2022,music,304,16,16123
Lk53zvcMNZ4,09/12/2021,music,23546,392,2367294
QWbY0PDWHF0,20/08/2022,music,7219,314,312191
mNEUkkoUoIA,13/05/2022,music,731644,8894,45665114
fkgTVsGLdws,20/08/2022,music,50488,8741,1090694
hLzCb1wXaGg,11/07/2022,music,12595,216,2861258
vdI13O1J39g,24/08/2022,music,94,9,3773
T4NOt727wqI,05/04/2020,food,112098,9775,5451348
CKnGXZxK7zs,31/10/2020,food,77893,5741,3927439
wNCPgIVz15c,13/07/2022,food,31578,1904,2710713
Wxdj970RM7M,04/07/2020,food,139442,10653,7320107
hcsrdPztAmk,31/07/2022,food,48163,2178,1669551
RFPUbb3GYEc,07/08/2022,food,37893,2061,1335899
MtxqrHiP2Mk,19/09/2021,food,121547,4043,6315803
eLeYCwv0j9Q,17/10/2021,food,158510,6026,8947796
FqNEx17crMI,16/07/2019,food,146566,13664,14073219
E4YUyRxRVus,14/08/2022,food,23824,1496,805994
Qs-lvHV371Y,03/08/2022,food,30033,1209,810069
OIz8e_o5aG8,16/08/2022,food,9093,759,355919
bj_M6w_LGgw,25/06/2022,food,103051,2343,2575482
v0NNI5wS_GM,27/07/2022,food,104631,4839,4087572
DutQbEPqaNk,03/07/2022,food,77866,2958,2349546
-7hzaGya86g,17/07/2022,food,18957,566,702174
uRM0yMF0AtQ,20/10/2019,food,371116,13239,17069830
f-WIFQCkgyE,20/08/2022,food,23502,1113,1016391
_Ttf--3axiY,09/07/2022,food,28031,1690,1348450
PHeS4ZZ9l9A,22/05/2022,food,25021,1216,967211
17GCoYmGLBM,09/08/2022,food,2400,214,156294
OzgoJe7lwoY,25/07/2022,food,47460,1517,1658204
6jgiqyw6E3o,10/07/2022,food,44713,2725,1186255
nUZCE40n2zg,02/04/2022,food,227589,4648,6340958
zNXctUnHp5A,20/08/2022,food,18649,1339,748675
uCUge68Z228,23/11/2021,food,58950,1107,7755963
Y8PIcsCtA_k,31/05/2017,food,672749,62897,48018833
VPMxB7N2Znc,12/04/2022,food,47086,3535,3452285
lJ8PdLpbcd8,30/04/2022,food,140841,7330,10338163
v514hwoC_fY,05/08/2022,food,25825,1458,608177
0vpJ7QsAsD8,04/08/2020,food,501165,31086,32791832
NLPuCclm5lA,13/08/2020,food,71688,1712,4783245
co07EA4iFEU,14/08/2022,food,26616,1143,441062
P0dZIp-K_K8,21/08/2022,food,155534,10306,2564092
sZ12W9uqxR4,04/05/2022,food,75028,3457,4695664
VXjrCIcGZmw,24/07/2022,food,63497,4004,2936679
1SHtfzBrrT4,24/08/2022,food,19325,1128,385239
ZRIdNmF-kRw,29/11/2019,food,205831,15677,11829970
X1EA8vgu7xs,16/07/2022,food,175132,6049,4357193
C1qzbYrp4EA,22/08/2022,food,774,83,48984
QvoN89j82rw,23/08/2022,food,1241,70,47430
vQMo2Sg1p-Y,22/06/2022,food,105355,7424,5547667
oybXTcj_0fM,12/08/2022,food,5077,351,93633
Aa6r4uHlOwo,13/02/2022,food,41927,1112,1952077
3QxV-Kb-__I,26/02/2022,food,75063,3724,12244410
bol-_4NZjWE,14/08/2022,food,22891,1780,1006579
HSin0BOwH4M,07/07/2022,food,6851,178,963335
1H2l7dHq1fs,03/08/2022,food,32631,1587,1322089
dq5o90Cq7uc,23/08/2022,mukbang,11248,505,384035
ZtzUs4Mg_tk,24/08/2022,mukbang,959,138,28759
1L7rzRFF2Rg,08/11/2021,mukbang,218539,4421,19256162
vXp3IzESmnw,15/05/2022,mukbang,281285,3360,17282158
#NAME?,18/04/2020,mukbang,378858,18860,17975269
f9gdOE_rK_8,28/07/2022,mukbang,65909,2122,1864630
nad-9QEm5II,29/01/2021,mukbang,1056430,46966,75785129
EuySE6259wQ,29/02/2020,mukbang,1221507,43126,86169225
nMG8qiJAe6A,23/08/2022,mukbang,3721,322,45157
HQsswovXtPU,12/11/2021,mukbang,861503,17975,79941868
EDrqd7dmFb0,19/05/2022,mukbang,51437,468,4341289
-64r1hcxtV4,30/05/2022,mukbang,45628,17264,5283664
OrNmI0ArHdk,06/01/2022,mukbang,141654,2756,11184537
1GyRS20MUmU,06/12/2021,mukbang,126347,83990,11188525
NtK9SBX2suw,24/08/2022,mukbang,737,52,15390
Nk2fvFhBKKc,24/08/2022,mukbang,7650,887,231488
dYtG0N9Of5M,18/08/2022,mukbang,34599,1349,824297
RkGDmf8_sDo,23/08/2022,mukbang,1032,22,54030
A-rJJ5gBc9U,18/08/2022,mukbang,5352,496,154461
Jv7ZiuzZzrk,21/05/2022,mukbang,95162,2272,11235146
iVvwt1PB7JU,24/08/2022,mukbang,2694,108,74586
bvkk3UdlfA4,23/08/2022,mukbang,2817,59,286228
OodfOb6MjJA,17/08/2022,mukbang,28966,676,906361
1QKshmg0AlY,13/08/2022,mukbang,29955,557,1057862
YQYfS14px6s,24/08/2022,mukbang,26049,850,909323
XhDu9JoE6n0,15/08/2022,mukbang,21274,16178,1100740
GOGBC1q2hlw,03/08/2022,mukbang,2271,249,240234
BVhZqwt_4lA,17/08/2022,mukbang,24014,716,947162
WI6JxmEGlF4,24/08/2022,mukbang,526,94,11293
UjyQ_a2rUcE,23/06/2022,mukbang,37370,902,2578373
9BbPM6iaTRo,24/08/2022,mukbang,1159,91,64703
ITMV5Y4VVt4,06/08/2022,mukbang,13796,10330,689494
4lNsNPML2bI,23/08/2022,mukbang,1968,96,56066
zukfAqA_X4U,24/08/2022,mukbang,10725,403,155562
#NAME?,23/08/2022,mukbang,-1,335,27451
COxMVM9Ohdw,22/08/2022,mukbang,3026,538,30405
JbWMr_b_vSA,21/08/2022,mukbang,2113,138,98972
RCJswTYsZyU,09/05/2022,mukbang,65719,791,2724499
a3UX1lGBsdI,23/08/2022,mukbang,317,32,3618
meYoHWemjzY,24/07/2022,mukbang,38690,780,1385264
c1aKaQu6LRE,24/08/2022,mukbang,1208,930,22966
L_U7b1aWPY4,09/04/2021,mukbang,953712,35658,84410562
goYbYzYgXDw,03/05/2022,mukbang,129100,2332,7846143
J1Q7LQeUlqI,28/07/2020,mukbang,353053,14909,41739024
nFbWwK3Z8H8,22/08/2022,mukbang,3221,209,102646
kmkmXanNn6Q,23/08/2022,reaction,4732,256,78050
8h0iusAw_ow,24/08/2022,reaction,2135,136,41057
j8u_IK6_OI8,24/08/2022,reaction,6865,554,55078
17zIC3UBg0w,23/08/2022,reaction,2740,86,39049
8A1XqeiFFgs,23/08/2022,reaction,2538,435,51747
Qo-YJg0f6qY,24/08/2022,reaction,726,50,21868
Ebh4UC4hgyU,24/08/2022,reaction,920,93,9533
l7R4EyRoAD0,24/08/2022,reaction,1656,236,34090
vK8P2FPL1Y4,24/08/2022,reaction,15637,1279,309098
4MvvMCo7Z00,23/08/2022,reaction,4063,245,62428
jR6RWoXv_G4,24/08/2022,reaction,1716,308,16080
eaYcRrZkFbI,23/08/2022,reaction,1815,254,41900
oUUfuY4PbFo,24/08/2022,reaction,1944,160,23225
OOmBqTAp1TU,23/08/2022,reaction,670,125,10451
RFMi3v0TXP8,24/08/2022,reaction,3001265,110162,23836066
rVZ-PvlZgkE,24/08/2022,reaction,19997,1540,271333
hRx-sgGRnfA,23/08/2022,reaction,2009,317,30632
3YQPx4Fh_Jw,23/08/2022,reaction,1382,134,23763
z8ZdVYFPC2w,24/08/2022,reaction,834,84,13489
QC3zNCl0IAQ,23/08/2022,reaction,7185,463,149396
F81Bz6A4P20,23/08/2022,reaction,2952,478,57411
y3KQzBnB7-U,23/08/2022,reaction,3645,225,38560
FUieCQCeFLc,23/08/2022,reaction,4049,807,52323
EqCEE2VPL8o,23/08/2022,reaction,1006,40,11230
erCx9kkDO-k,24/08/2022,reaction,6117,745,126185
l-TO8g3_arc,24/08/2022,reaction,2175,115,35288
qF2aeGdOag4,24/08/2022,reaction,947,108,18535
aIP3UEg5xoQ,24/08/2022,reaction,2342,226,34789
2FYvHn12pOQ,24/08/2022,reaction,29728,8832,405791
numY1SB5i3A,23/08/2022,reaction,1431,260,26709
CbWigxQaYSc,24/08/2022,reaction,3500,381,107906
A26OqhbXurY,24/08/2022,reaction,44616,3098,426875
3qhIuV7Y4iY,23/08/2022,reaction,193217,6129,1765945
0HRJOF8Q1LQ,23/08/2022,reaction,1015,96,17191
Vi1ypKoQxmQ,23/08/2022,reaction,1417,159,34941
#NAME?,23/08/2022,reaction,196898,15525,1223879
6lEVN6Dvhx0,24/08/2022,reaction,18063,978,184093
tRp_obvGCyM,24/08/2022,reaction,8815,1353,200452
KfqIOYhBsao,24/08/2022,reaction,1155,132,21112
GlrszPPG6ko,23/08/2022,reaction,535,132,10339
02SgNQSJNRs,24/08/2022,reaction,462,62,10737
isgtqJAEba8,24/08/2022,reaction,5035,564,131760
xuQPAGkNR0g,24/08/2022,reaction,1677,290,23239
nX0Zz8odZfg,23/08/2022,reaction,2194,256,36560
vsbNsFB_fFA,24/08/2022,reaction,19671,1151,259851
ttHU25alu8A,23/08/2022,reaction,2967,565,63886
LXZhkjJYo4c,24/08/2022,reaction,48041,1435,450066
lsS1u4SopiE,24/08/2022,reaction,2025,308,46862
ZYAiyoKVl78,23/08/2022,reaction,10321,930,205486
WyMlRq1ZNbQ,24/08/2022,reaction,1144,39,12289
ZgeorpjGJC0,24/08/2022,lofi,329,29,14341
n61ULEU7CO0,31/12/2021,lofi,187163,3835,13048900
1oahTaVIQvk,06/03/2022,lofi,59866,979,2844014
glL1QjeCH80,24/08/2022,lofi,404,15,20861
1fueZCTYkpA,11/04/2022,lofi,53333,1425,2817800
lTRiuFIWV54,08/12/2019,lofi,1638369,58851,84747957
FgQh9x81LLU,15/08/2022,lofi,1572,27,48918
eQWX51E-cGg,19/08/2022,lofi,1455,6,34655
191wd4NscHo,08/08/2022,lofi,3498,8,53592
Uv9URjIBtUQ,27/02/2022,lofi,6057,165,589429
B9x4Sih7ZIk,24/08/2022,lofi,797,71,15177
tgn4zTkXdzA,29/04/2022,lofi,7007,218,632477
UZTretlQGt4,10/08/2022,lofi,2683,10,49294
MuctFLYwz48,22/05/2022,lofi,9126,176,497458
0mcx6dmtYvM,21/06/2022,lofi,3933,159,400330
l98w9OSKVNA,23/01/2022,lofi,47306,1379,2529301
TURbeWK2wwg,26/04/2021,lofi,186218,5904,9803295
8aZL9wMhGH0,01/06/2022,lofi,13657,484,1120660
#NAME?,07/06/2022,lofi,9965,197,325200
5STrZB6sm00,22/06/2022,lofi,4452,86,190418
nhZyPQzx7JI,07/05/2022,lofi,4427,124,331718
931p_QE3PYg,05/08/2022,lofi,2713,16,61478
nK1r_9hPWuI,25/05/2022,lofi,5940,143,593989
jUNr6uuJTDw,24/04/2022,lofi,8031,169,332371
iicfmXFALM8,05/03/2022,lofi,19154,610,1756737
_tV5LEBDs7w,16/01/2021,lofi,247914,8681,16294784
gnZImHvA0ME,26/08/2021,lofi,74081,1758,3176730
7YmNvCy30FU,03/07/2022,lofi,11197,186,325309
TWTV4T3yxzs,21/12/2021,lofi,68762,1160,3691767
NvftPSb5Xtw,08/05/2022,lofi,9700,219,461467
1DkDrVEK2rc,23/02/2022,lofi,11059,481,1104214
1lDYSpmdLzM,19/06/2022,lofi,4148,123,149363
oXGVGXAx9Ng,24/08/2022,lofi,53,1,6817
1z5u_qPN8y0,17/08/2022,lofi,1571,7,37883
zFhfksjf_mY,19/07/2020,lofi,185175,6838,9147428
xLG28C6LudU,24/08/2022,lofi,3685,28,23653
v_OXMy8x2eo,24/08/2022,lofi,903,27,40275
25BkVBgFD9Y,18/02/2022,lofi,16915,439,1695867
QlP3eE9Vlg8,31/03/2022,lofi,19800,443,775719
uNwX-UOFX-k,17/08/2022,lofi,766,28,65632
ff5lO8TkVX8,20/12/2021,lofi,77692,2892,3731583
qpgTC9MDx1o,29/09/2014,animals,5743875,178361,826423766
0GVExpdmoDs,22/07/2019,animals,1103713,29774,106151957
XJxSWkPhblE,16/08/2020,animals,28863,605,1723190
gCYcHz2k5x0,17/06/2013,animals,11025176,335455,1582262997
eEaZvEZye84,25/04/2021,animals,45448,1680,10155588
2EVpKcbmEoQ,23/08/2022,animals,475,21,66279
4-43lLKaqBQ,03/07/2009,animals,1357197,39624,153478497
whksDmTR9YE,12/05/2022,animals,24970,1225,3248506
DLYwwtPA49w,30/05/2010,animals,68133,1358,9253680
5kozt0uDa4c,15/08/2021,animals,11323,210,2812807
jdWhJcrrjQs,20/10/2020,animals,282754,10831,19469009
7BJ3ZXpserc,22/08/2014,animals,1019385,24603,193685278
9QJ9zE4X1o8,18/11/2020,animals,164337,7092,7108897
pb-j3svRQLI,28/11/2021,animals,22420,679,6599382
7jUW96CiEKA,21/09/2020,animals,9313,433,1722365
D4KQae9oMWs,27/02/2021,animals,27102,2311,2549580
9vfFQ-X95lk,24/08/2022,animals,1628,85,97163
uLYgyR_lBS4,20/05/2021,animals,24285,893,1285807
x2khunKVzA8,13/06/2022,animals,7240,167,1316713
CqCTA3lEgQ8,12/06/2022,animals,7375,368,2362949
7_4oZm31UhU,07/06/2020,animals,74617,1982,8122555
gM7Hlg75Mlo,03/03/2010,animals,338601,19063,38478475
dyaqjsRkKyY,14/05/2022,animals,1668,107,258994
u9X5SQCDnio,08/01/2022,animals,280090,11424,37037129
4Co4mDeCIJ4,14/04/2022,animals,72612,1063,14914811
p-nh7NMWiYE,04/03/2022,animals,4986,134,617350
gfWCmQOypLA,25/05/2020,animals,73362,4072,10331666
mRD0-GxqHVo,29/06/2020,animals,6177588,125791,378164492
#NAME?,30/07/2022,animals,6473,455,267705
J3PwxecC7RA,11/09/2020,animals,21946,481,3776936
OCJi5hVdiZU,26/03/2021,animals,120500,5172,5156616
XnitQYkYYcw,08/09/2021,animals,639942,23316,161103805
AGulIdSQCsY,04/02/2020,animals,94089,1537,5434925
n70eobB2TgI,02/07/2021,animals,10818,291,2058438
X-aKsG40DV4,24/07/2022,animals,14386,332,1853171
9QW7CORIoFw,02/07/2022,animals,37,1,31343
1mQqbvu0gqo,24/08/2022,animals,371,19,23448
aoU_voPfm2I,11/08/2022,animals,2382,114,104246
wX78iKhInsc,10/05/2013,education,137327,6197,6216027
S294zRodS_4,15/01/2018,education,9368,279,398061
rhgwIhB58PA,09/07/2021,education,431284,33369,10450206
HndV87XpkWg,13/05/2015,education,23130,1323,1188153
XlnspY2wOVw,21/08/2022,education,2639,1009,131943
hreYh2Yha4A,08/12/2017,education,881,17,45584
y3fm6wNzK70,30/01/2021,education,7110,374,262959
bLPCVGigTrw,24/01/2022,education,34575,350,1309077
T-JVpKku5SI,27/08/2020,education,4560,144,150633
IAgTv8b20Dg,30/05/2019,education,26171,577,1451335
ovxXYMsz37g,11/06/2022,education,3749,715,167574
MAe_w9a_IN8,25/07/2008,education,50074,3095,7178954
q5JWp47z4bY,29/07/2020,education,37645,2115,753025
zDZFcDGpL4U,14/10/2010,education,130817,6868,17103736
VxoXfpr6spc,05/02/2021,education,222713,12557,6281449
2Yt6raj-S1M,06/02/2015,education,310589,23024,6701666
ZDAdi6ZLktc,01/04/2019,education,3121,104,143605
PAlgOvXOewM,16/08/2022,education,908,932,37905
I0dKGM_B3ys,24/08/2022,education,1445,296,6611
BvbxH9PFcSI,23/08/2022,education,2951,580,63675
JggwEgBFm3o,10/08/2022,education,1237,709,65745
XLYqTZKEpvs,20/04/2015,education,32962,2355,3371830
j0uw7Xc0fLk,08/10/2018,education,19436,1683,940004
BzOrENKvfV4,23/08/2022,education,324,51,6631
3NPXe9tqAfc,23/08/2022,minecraft,6559,257,157301
D3Xz9SwOi7I,24/08/2022,minecraft,28195,2588,943664
p-poNhIoWI8,24/08/2022,minecraft,992,18,59749
06mX6Af3Amg,23/08/2022,minecraft,1796,47,77345
yQHIbI5eFe0,24/08/2022,minecraft,5524,526,206418
ysfw9ccb-vE,24/08/2022,minecraft,9633,179,88788
CrUkeMM-gis,23/08/2022,minecraft,17548,664,481643
F530cN4t4-I,24/08/2022,minecraft,28878,605,544761
QCY71hdGOl8,24/08/2022,minecraft,12675,909,167962
zDv2B606lvg,07/02/2021,minecraft,345943,11838,18380002
hI-NdCkqPEU,24/08/2022,minecraft,2586,98,52954
zRRCD_hYiLI,24/08/2022,minecraft,98631,3188,1044608
D6S4wlmGs8Y,24/08/2022,minecraft,1809,65,94188
2DvcGeGCU18,24/08/2022,minecraft,23676,1913,167863
1r4rKBVHki8,24/08/2022,minecraft,31710,456,444036
#NAME?,23/08/2022,minecraft,1333,22,119487
E5sYdqtJzHw,11/08/2022,minecraft,54092,2452,1655085
STMEBpBHvAo,24/08/2022,minecraft,16605,849,183096
dUdp_MSKMwA,23/02/2022,minecraft,287909,6424,23169378
G5Wdx2v2LYY,24/08/2022,minecraft,11316,850,187063
2yYybr_dFwk,24/08/2022,minecraft,12935,80,129591
gjjGa8eIRk4,24/08/2022,minecraft,4279,171,188490
iZ3fFX_xeqg,24/08/2022,minecraft,2815,79,97537
P891I3YCQf0,21/08/2022,minecraft,11751,659,408227
kdfO2S83VFo,24/08/2022,minecraft,7246,464,88247
ycS19p7EgNM,23/08/2022,minecraft,26848,239,273349
RoaX4PPi6Mo,24/08/2022,minecraft,5675,54,70181
4Uhqaf5ERfs,20/08/2022,minecraft,64464,3171,1564078
vl9E6lND4V0,24/08/2022,minecraft,20892,622,795386
3F4VGLqrIIk,24/08/2022,minecraft,4510,264,276901
WlUv1FyeHdE,24/08/2022,minecraft,2990,160,42924
Z3KtXzvSXOo,24/08/2022,minecraft,10676,399,111027
_-OvXMbWFGw,13/08/2022,minecraft,35092,1804,1815767
NSh5SW8jgKE,24/07/2022,minecraft,88340,2982,6734947
4ItYIOFQ4Ek,24/08/2022,minecraft,1184,54,50148
RPZPjPmCheg,24/08/2022,minecraft,3396,116,145497
EkOFRoBW67s,24/08/2022,minecraft,1229,24,22525
YHl1X1Yc-mA,23/08/2022,minecraft,2716,53,66379
wwkH0prchjQ,30/07/2022,minecraft,1251353,71682,18565979
qx1pOY5KtoY,23/08/2022,minecraft,6642,312,314438
LeC5yJq4tsI,21/08/2022,minecraft,57527,1115,1204024
wVb7IkL690A,23/08/2022,minecraft,2779,83,187668
3qu5y7J2JcY,23/08/2022,minecraft,8260,1127,216482
nEqThvdVX2o,14/08/2022,minecraft,83345,4558,4452337
ketierIoqww,24/08/2022,minecraft,2963,193,50724
nBYjG5aApQE,23/08/2022,minecraft,37251,1452,389051
9G0t1bJEP4g,24/08/2022,minecraft,8560,152,107957
5BtAcOHt310,24/08/2022,minecraft,4160,122,218182
sFtL_3URKYw,24/08/2022,minecraft,3245,437,51716
WBK2_lD7KGA,24/08/2022,minecraft,298445,15610,3773387
VK67DyaJpj4,24/08/2022,sat,407,69,7163
_nEEYe9nvx8,19/08/2022,sat,506,35,10309
F1H7k_O_Cis,16/08/2021,sat,8860,238,140916
2RJ9vI-_G5k,16/08/2022,sat,586,83,12464
9Y5UOVGR1qc,28/11/2020,sat,51658,1455,876309
2wejLVabgKM,01/12/2019,sat,18806,1403,689166
naG265Nefoo,30/03/2021,sat,3562,118,87567
kSPcjmZdAuI,26/07/2020,sat,15128,639,338212
OCOlne56VYc,23/11/2019,sat,38148,3767,932919
yBCAv_NzzPQ,16/06/2016,sat,45253,4353,3243901
K0tyWm7nso0,13/07/2022,sat,669,95,24686
Ky4juPl-lK4,13/08/2020,sat,15036,1563,385709
WjVVwMGJ9S8,12/07/2019,sat,80947,5557,2706505
PIGkcF-H1Ho,22/02/2020,sat,21809,1899,549530
jZrHzU1orc8,08/07/2022,sat,1115,121,25201
5Q538rYLdvg,22/11/2021,sat,19894,1070,977299
f_S5png6OhY,28/09/2020,sat,18698,1258,400968
7zjPapUDRMg,05/05/2022,sat,549,69,17195
k1VOUvAjUDo,25/10/2019,sat,70001,2654,1879805
KXF9u9iZRM8,28/11/2020,sat,10660,363,196727
2ycFoqPEYG4,03/03/2020,sat,70562,3866,2535222
kOC2QswhrXM,02/08/2022,sat,1786,257,30191
PJRhPrLJ4Oo,24/05/2015,sat,48633,4129,4154143
vnF2zqwI8oY,06/03/2021,sat,9624,864,240450
i-jFcw-lGho,16/08/2020,sat,9354,766,210192
-9hjdvULDyc,11/03/2022,sat,503,52,13591
uQr-I8OsSjo,05/01/2019,sat,30046,2138,674979
MDoc0qoKSHA,08/11/2018,sat,863,102,61085
ht5vd3wNw0Y,08/03/2018,sat,7675,1875,327146
bb3ilyJAWfM,05/08/2022,sat,1218,258,45214
DrTNxpJl2Cg,28/11/2020,sat,13503,400,273900
mJ2ep2XoDS0,23/05/2022,sat,2043,257,25291
1nhGDFGkozk,17/10/2020,sat,1529,50,66259
PNslmbe6SW0,23/07/2022,sat,1111,40,20897
GAOHbxgVpcg,04/11/2021,sat,692,74,19220
rGqdj3BbpPw,19/01/2022,sat,25308,3426,897553
kh898pODd8s,12/08/2019,sat,4227,184,108874
w3Ma0Z08IFU,02/10/2021,sat,4144,895,419705
oRHWSya3XGE,22/09/2021,sat,4897,1299,231325
0X1_WUKvrno,22/07/2019,sat,12892,778,290351
_bs5A-sHfbU,31/05/2020,sat,22430,927,488575
9W69Q3M9thY,12/06/2019,sat,6383,330,258491
1xHy_imdXdc,06/01/2022,sat,1800,208,53207
TQWhk-eXLXc,14/07/2021,sat,2309,554,99569
QyTKhDGV7L0,11/06/2016,sat,86374,15363,8596384
Z3KKfGaGkbw,27/05/2021,sat,3083,140,55195
sIcJtXLMnRQ,23/04/2021,sat,3480,278,126212
1VBsWYKxDmo,15/01/2018,sat,9475,292,284841
Z1-8o3bH674,07/10/2011,sat,712273,32736,18116954
jdMNoQE3mIQ,20/08/2022,mrbeast,1962726,62540,37550877
2isYuQZMbdU,04/08/2022,mrbeast,3710978,224423,63310479
Hwybp38GnZw,04/06/2022,mrbeast,4493972,177471,99698731
tVWWp1PqDus,23/07/2022,mrbeast,2946965,131040,71968133
8kWrN2bgvSA,22/08/2022,mrbeast,302909,7693,8097268
hD1YtmKXNb4,09/04/2022,mrbeast,3550678,157803,93963115
U1bUwDxBu4Y,24/08/2022,mrbeast,142261,14797,2529954
0e3GPea1Tyg,24/11/2021,mrbeast,14259033,611757,285526909
LnlKwzc_TNA,19/03/2022,mrbeast,2897163,104483,85522922
zvkDF3Hvq-0,20/08/2022,mrbeast,207061,7997,4573945
fqq9TSkSe2U,15/08/2022,mrbeast,365592,7270,11123363
3jS_yEK8qVI,29/01/2022,mrbeast,3945358,145722,125670049
dg2Ag3e8W-Q,19/12/2020,mrbeast,3963124,728774,116842899
9bqk6ZUsKyA,27/03/2021,mrbeast,6055504,239172,191988678
pgvBPAsDf2A,25/07/2022,mrbeast,374130,26390,10280971
ILGQ-rJK5yg,20/08/2022,mrbeast,31521,926,889300
DuQbOQwVaNE,13/03/2021,mrbeast,2869906,119182,94508185
YyhKdOCwD7s,30/05/2019,mrbeast,2021442,121200,66999237
qIsgdOVGA04,23/10/2021,mrbeast,3514143,129023,97578090
QxGVgXf_LNk,05/10/2019,mrbeast,3557658,127113,160818375
JeTkMdw6RK8,22/05/2022,mrbeast,598389,19760,25367316
anFxsa5jXrE,12/10/2019,mrbeast,1572751,52457,91053784
RwnN2FVaHmw,30/11/2019,mrbeast,1511358,81100,69330547
n6qc4LHN2KQ,15/06/2019,mrbeast,1801566,76492,61197670
IWWv3dq4Gb4,21/05/2022,mrbeast,378105,9251,13637506
0nS_yE49vDI,23/08/2022,mrbeast,312575,1902,3392295
5orcB4yyjoU,14/06/2022,mrbeast,385059,10374,17321080
LeYsRMZFUq0,15/12/2020,mrbeast,4763784,174632,110124989
xRwy_rKc7gI,15/05/2019,mrbeast,2030057,81670,107126467
zxYjTTXc-J8,31/08/2021,mrbeast,4437532,109214,180766617
Xzkzp2Y1t0o,02/08/2022,mrbeast,367987,6645,11118461
RCvnytndd9c,08/06/2019,mrbeast,2135851,91698,93319974
fWcSBWadolA,01/06/2019,mrbeast,1080199,36374,37780348
2nd73lyvq4w,15/02/2019,mrbeast,1552125,67399,66839006
jgyTwWtvMdE,27/05/2022,mrbeast,446014,8278,20779962
Ooke4YZv8Ts,16/03/2019,mrbeast,2129926,91190,98750169
z6xXgUlBxwg,12/07/2022,mrbeast,319041,5526,9734303
erQ_9yEz0ls,03/07/2020,mrbeast,4120158,177881,136439525
uocETPj4Jx4,04/09/2021,mrbeast,3136265,101503,79882619
nopEs-K4ExM,09/07/2022,mrbeast,557743,19706,21747698
gL6iSCSHjco,17/08/2019,mrbeast,2121115,65601,92621700
F4Y3Pkn95GI,29/02/2020,mrbeast,3206546,108235,156000008
wUoxbm9MUc0,09/05/2022,mrbeast,632277,19405,18492610
A-vX1AGBGsc,31/01/2019,mrbeast,2523764,136866,134377650
_t9LL1VcG3Q,16/07/2022,mrbeast,372266,6699,13545273
T1QUEKLNPtA,05/07/2022,mrbeast,381271,14433,15014572
er5LLR2oCmg,28/07/2022,mrbeast,492024,41183,6968660
k_Xwk6Afo1U,30/07/2022,mrbeast,201509,9784,6383519
STiUV6XXG4E,12/08/2022,mrbeast,494889,23110,7715681
8GlEuSyQfcc,17/08/2022,mrbeast,61448,4080,1928710
ObMP3SxPVbs,24/08/2022,cnn,11244,6530,755642
LJx4AJNvyss,24/08/2022,cnn,544,614,53110
OfEtxu0xE2w,23/08/2022,cnn,6958,4724,288312
7SJA7_tz-kg,24/08/2022,cnn,656,1495,51269
GrCzvoXJgJo,24/08/2022,cnn,1120,9,66507
M7MGdGttFA8,17/08/2022,cnn,18730,6675,1101187
fdHTSbLo97Y,20/08/2022,cnn,13751,6364,791042
ARgPOUeTdAk,11/08/2022,cnn,8090,9231,537070
ml373MHAtXo,06/08/2022,cnn,29541,18044,873549
4ZIhGftS2lY,10/08/2022,cnn,4634,4005,366447
FQxSwZDkxRk,23/08/2022,cnn,2323,1979,83353
mjdR0qsxfjY,31/07/2022,cnn,5630,5028,386436
M8T8ejSpCnc,14/08/2022,cnn,7890,6193,462943
yIPVCi4VZts,24/08/2022,cnn,2521,1670,71652
YJ25XyrvuQ4,09/08/2022,cnn,12415,16954,1020152
P5je6gBx3EA,17/08/2022,cnn,3215,5058,288796
qvit3SUUmQE,02/08/2022,cnn,6465,10191,633520
0odYZZ4qACg,17/08/2022,cnn,4840,3004,251101
ZFPD_RTYNX8,13/08/2022,cnn,9069,10614,1084758
nQXtTbRrAVE,24/08/2022,cnn,1531,175,85359
slrYhhU7ybM,12/08/2022,cnn,5089,5964,454927
g4noYHiFVpU,17/08/2022,cnn,4836,12045,264809
sl9B4phBEII,11/08/2022,cnn,19359,13212,931636
TbJsAJ8i0W0,09/08/2022,cnn,6554,12194,549566
IKe7eS5xXSg,10/08/2022,cnn,8070,6888,576311
drQGaOJrJIA,17/08/2022,cnn,3847,3053,278240
OBT5GVaUCCo,08/08/2022,cnn,5936,4649,473122
3R_Ex5Xi5Nw,14/08/2022,cnn,31563,38618,1889320
8440F14wKGk,11/08/2022,cnn,7973,11184,749734
zAZ-GK-H_Ys,21/08/2022,cnn,11650,12453,438358
rJV014ojKPk,10/08/2022,cnn,7538,7921,566143
O15EHN6tlVM,18/08/2022,cnn,644,886,65137
uN930SNDLhQ,13/08/2022,cnn,5947,4890,393718
zzUn1prQ5Ps,13/08/2022,cnn,6164,8022,386949
1H-EWHVziNw,12/08/2022,cnn,11563,7302,620690
ytiob-SMu18,18/08/2022,cnn,12849,6876,858549
Rz-kH4QnSes,21/08/2022,cnn,9666,17218,713211
5DaVV221-yw,07/08/2022,cnn,6383,3955,591721
4giLq9Hwwx4,15/08/2022,cnn,25885,8813,1178354
_TY6ol9HtPA,19/08/2022,cnn,1274,1832,112418
Pg8JW5mv-x4,20/08/2022,cnn,4615,3057,278274
tif6K5B_JBM,14/08/2022,cnn,7402,5297,367781
uOqcqUBg0kA,18/08/2022,cnn,2983,4589,240447
wbKZgefrbbU,12/08/2022,cnn,16316,11467,1299714
SK4Pw4-HoWQ,11/08/2022,cnn,21111,9407,1203517
H21zuMPXbkA,18/08/2022,cnn,1862,4996,148992
yc33gDAfNJQ,05/08/2022,cnn,16641,9979,1195181
PmjxcmzXWKM,14/07/2022,cnn,8684,5762,475535
62Z4MnFIifY,09/08/2022,cnn,4898,9878,499461
nBzhjGblcJU,05/08/2022,cnn,13318,7773,657999
B2EnaKgF08M,11/08/2020,mathchemistry,1869,135,88980
pdyDmXtye2w,03/05/2022,mathchemistry,1777,194,64368
_AWZZP3J5Nw,03/12/2019,mathchemistry,4386,176,170305
eNsVaUCzvLA,28/08/2015,mathchemistry,132298,8115,4981769
grnP3mduZkM,13/08/2016,mathchemistry,61100,4466,3452571
k3rRrl9J2F4,04/02/2016,mathchemistry,49931,2293,2494758
WsQQvHm4lSw,10/09/2018,mathchemistry,37430,1375,1503148
LTXTeAt2mpg,04/12/2015,mathchemistry,542855,43802,18496859
bka20Q9TN6M,30/08/2016,mathchemistry,45800,1681,3588950
l2yuDvwYq5g,19/08/2018,mathchemistry,36655,1387,1433436
xPzR_D9qKeo,04/10/2019,mathchemistry,51924,3057,2110850
TlEpQgYBS0E,15/04/2013,mathchemistry,1,2,63
OmJ-4B-mS-Y,01/02/2017,mathchemistry,409962,10759,10330078
Hxd1TNgSuPg,03/04/2020,mathchemistry,31742,3089,1205719
V_vguZj_7FE,15/04/2013,mathchemistry,0,1,25
ax0yjzbSBa4,16/07/2020,biology,56774,2220,1011277
Q8ijKtdIRMQ,11/01/2017,biology,5902,274,313847
URUJD5NEXC8,18/03/2015,biology,396477,10721,23925458
vwAJ8ByQH2U,30/09/2018,biology,14687,328,689762
7xeFP0SEDdc,15/04/2019,biology,19915,1101,1471735
6v8djXa-IPQ,19/11/2017,biology,4293,110,287879
mFP_AjJeP-M,14/11/2020,biology,226135,15445,9629509
HdwzJLTLFqc,25/11/2021,biology,128800,4481,3526040
sweN8d4_MUg,24/05/2017,biology,105414,6858,3863719
ADiql3FG5is,17/09/2015,biology,65182,4679,9897790
iJi61NAIsjs,28/08/2021,biology,104645,7091,3455728
1tOx_Vh5diE,21/12/2021,biology,35432,528,832026
lgTbQlfOSKE,01/05/2021,biology,103946,4516,3779069
qPKHna_P9zE,22/06/2022,biology,41293,1941,1194593
wENhHnJI1ys,09/12/2017,biology,26530,818,602137
8kK2zwjRV0M,02/04/2012,biology,85704,4481,8639567
NNnIGh9g6fA,01/02/2011,biology,310947,15981,14800155
GimCcrwYxdE,18/12/2021,biology,83509,5086,2954971
OcNV3UeesoU,19/06/2021,biology,45821,2121,2359653
SqrRW3CMOzo,09/09/2021,biology,5000,293,252524
bFkIG9S2Mmg,16/10/2021,biology,46953,1690,1743151
YO244P1e9QM,12/02/2016,biology,65238,2121,5323008
XQgvsXQ6AyE,06/06/2019,biology,621,44,55643
CAUOhG_c4Go,29/01/2022,biology,16576,787,452937
VLBDVXLiWxQ,06/02/2021,biology,31665,1649,1045672
Wh2du5SOjmY,26/06/2021,biology,26731,1303,1251200
QnQe0xW_JY4,30/01/2012,biology,74180,7794,7556654
WpbUnPTAoB4,11/06/2021,biology,18852,750,767162
vsQYI5Ajwp4,30/07/2022,biology,15317,613,319489
pJ41WRSrrOo,04/03/2022,biology,29562,2363,595608
H8WJ2KENlK0,13/02/2012,biology,62343,4145,6225136
bBPtP4t2J1k,26/06/2009,biology,18353,2560,7073338
dgEYV2s8Pg4,24/06/2022,biology,23783,1290,513747
sQK3Yr4Sc_k,19/03/2012,biology,74324,6294,7428280
R1HAEGyk4Co,30/04/2022,biology,29581,1264,1097006
00jbG_cfGuQ,12/03/2012,biology,96215,6430,9552698
vXp9xKwUihM,20/06/2020,biology,1519,124,90926
HSVUtNRNcS4,01/04/2022,biology,17977,564,383734
SGxDv7XybSo,18/08/2019,biology,116596,43591,11792862
bo2Ape8JHqA,16/02/2009,biology,132214,5981,17716356
cj8dDTHGJBY,20/02/2012,biology,47947,3075,5054426
NXlTO0dti3k,07/10/2021,biology,43511,1773,747705
HVT3Y3_gHGg,06/02/2012,biology,48317,3805,4613023
xvWdIi6_fGg,29/03/2021,biology,13733,626,489332
ydqReeTV_vk,23/09/2017,biology,132562,6384,4418714
jxg-N7Ld3H0,01/02/2022,biology,44755,3214,1152562
F38BmgPcZ_I,04/06/2012,biology,28907,2438,2767666
b1t41Q3xRM8,30/12/2020,physics,42848,1350,1778635
ISdBAf-ysI0,20/03/2018,physics,68035,5549,7209027
TTHazQeM8v8,07/08/2020,physics,152531,3469,3270832
FMM7GWnAv0A,22/12/2021,physics,44412,1210,1346386
yWMKYID5fr8,24/01/2016,physics,12527,414,787667
v-aP1J-BdvE,01/06/2022,physics,29773,3299,880432
bUmULlGACEI,29/07/2021,physics,126685,4633,2817851
i_CijGuk7fw,28/08/2018,physics,22310,1177,1071023
3KC32Vymo0Q,16/10/2019,physics,237869,19276,8445210
ZihywtixUYo,28/11/2016,physics,236557,5640,4696990
SDxzZHSBhw0,13/03/2021,physics,19509,1072,928585
jKvjvW6a62c,24/08/2022,physics,3379,1381,132960
ARWBdfWpDyc,24/05/2016,physics,49795,2177,2796778
1Xp_imnO6WE,06/08/2014,physics,95001,7668,6312772
hYc97J2MZIo,20/10/2021,physics,40750,3577,1235556
-6IgkG5yZfo,02/01/2017,physics,10959,525,844015
JpKoT9AgSJo,10/07/2022,physics,6813,69,485266
K-Fc08X56R0,20/11/2019,physics,281680,11360,9033159
ntxC5KMC4y0,31/03/2022,physics,18403,1810,1429951
B1GO1HPLp7Y,06/06/2021,physics,62098,6272,2889074
0NbBjNiw4tk,15/08/2012,physics,296448,29736,19097087
CN16j8AHHuk,23/06/2020,physics,191691,5795,3182375
p118YbxFtGg,18/09/2021,physics,35004,2726,952869
c0Ir6O1JB-I,19/11/2019,physics,673896,41869,14835017
mYcLuWHzfmE,01/05/2021,physics,32717,1804,930267
4i1MUWJoI0U,15/09/2016,physics,20329,806,1331141
IzQsYnLz2Gc,26/01/2018,physics,122180,1942,8705503
aXg3edeUrtc,11/08/2022,physics,2012,143,72517
kpsu9_ql0-M,16/08/2022,physics,12994,521,234454
GBs8e2KRLDg,20/07/2022,physics,1346,198,106305
Ewp4HvlzNs0,12/06/2022,physics,7355,711,278584
k-vm3ZWnMWk,08/04/2022,physics,25394,2940,761574
3lTQqEehEhI,14/09/2020,physics,21123,560,745050
TFlVWf8JX4A,29/09/2016,physics,26210,856,1875721
77ZF50ve6rs,04/03/2016,physics,1194852,16417,42252029
Y5dylh2aOiw,26/02/2022,physics,188472,5901,13829574
pJpOxIksxXU,06/08/2021,physics,11961,334,495065
2WPA1L9uJqo,14/04/2022,physics,11420,896,596902
iDgJD-MarvU,04/07/2022,physics,10960,109,858731
Qi9ys2j1ncg,14/04/2022,physics,31942,7562,1089328
jxi-3WvWvGM,28/12/2020,physics,66353,2001,1546801
dHjWVlfNraM,31/05/2021,physics,7687,237,451843
LDTe8uFqbws,29/05/2021,physics,9154,1201,652244
SiHeMrHDlzs,26/02/2022,physics,11249,393,482269
pL2YfC-22Uc,29/08/2016,physics,20361,770,1539948
dHsxkaxRfnE,28/07/2022,physics,12193,196,1267276
g550H4e5FCY,09/01/2017,physics,27575,971,1761493
4JXjqaN97IY,18/06/2022,physics,962,100,30388
BickMFHAZR0,30/10/2012,physics,139552,7764,4235793
V2dPq92LToE,26/01/2020,physics,159719,4673,2029047
Tzl0ELY_TiM,28/02/2017,computer science,26902,1190,1248957
#NAME?,04/05/2022,computer science,55719,1606,802372
zOjov-2OZ0E,21/04/2020,computer science,131961,3037,4849924
SzJ46YA_RaA,06/09/2017,computer science,202969,3572,4801805
ReVeUvwTGdU,24/07/2018,computer science,186881,8575,7004107
EJiVWoFk8GA,06/08/2022,computer science,10317,757,165623
fOGdb1CTu5c,18/01/2022,computer science,128268,4356,4991078
O5nskjZ_GoI,22/02/2017,computer science,62009,1740,3134189
A45p5e86Lpw,21/09/2020,computer science,24508,1455,374241
k0GlqFrRQI0,01/06/2020,computer science,6806,774,215489
5q87K1WaoFI,18/08/2021,computer science,42940,1735,1407319
dh7IwmBQZeI,08/11/2021,computer science,13004,376,318419
2VpDcjFshJI,21/08/2017,computer science,8864,326,351985
xa6me8wou_k,03/07/2019,computer science,63890,2427,1732512
AnVBCyzNgaU,15/07/2016,computer science,2143,77,198844
FpMNs7H24X0,08/12/2014,computer science,10846,380,759857
c-41IY0bOGU,05/03/2020,computer science,11672,1285,302924
9uASADiYe_8,23/12/2021,computer science,33558,814,950825
OhuduvuenYQ,16/06/2022,computer science,752,53,16115
gI-qXk7XojA,08/03/2017,computer science,47204,1277,2302755
k6U-i4gXkLM,20/08/2009,computer science,61813,3416,6091315
ywBD6HiD8vQ,06/11/2020,computer science,4557,379,97136
sdDklIYkWA0,18/06/2022,computer science,1514,251,37830
TOSxb5aXKlk,14/07/2020,computer science,2596,177,56994
G6IN2UxMFpU,07/09/2020,computer science,7452,581,113080
eSFA1Fp8jcU,21/04/2018,computer science,59163,1583,1754969
rkZzg7Vowao,17/05/2022,computer science,62172,1458,1345420
5jmN_tBS0t4,21/07/2015,computer science,11911,1388,610308
FPu2S_qEN5s,27/08/2019,computer science,16747,1532,525081
rL8X2mlNHPM,24/05/2017,computer science,28944,775,1515048
D1qnuKSfPOg,24/11/2020,computer science,4849,197,82596
LFKZLXVO-Dg,14/06/2020,computer science,13406,314,362229
M85EcbfhH9A,12/08/2022,computer science,1149,146,17156
H565avw-ufk,06/02/2022,computer science,27889,962,437660
#NAME?,08/02/2022,computer science,10409,385,199395
z3o6yEzcnLc,10/04/2022,computer science,10292,653,327463
LtoBGQPuu1c,08/11/2018,computer science,5213,145,135056
bJCzuGbg4s4,27/12/2021,computer science,909,32,24612
1GSjbWt0c9M,15/03/2017,computer science,30095,1186,1530735
fpnE6UAfbtU,29/03/2017,computer science,37041,1190,1672442
ReQdX04S00w,24/02/2022,computer science,61424,692,872859
aDfqRbGk_Yk,22/11/2019,computer science,6557,215,179728
GiDsjIBOVoA,26/07/2022,computer science,7812,408,143959
ec5vegLMkTM,20/01/2021,computer science,32,5,83073
LN0ucKNX0hc,01/03/2017,computer science,32189,878,1750656
DUnjnfcpn3M,10/06/2020,computer science,11395,542,282641
zg9ih6SVACc,08/09/2020,computer science,22667,588,939411
yKJz5IntDW8,10/08/2018,computer science,4440,307,95826
mQqVCYDD3sA,11/08/2022,nintendo,40994,3946,1115596
zDZAbmxP7Yw,23/08/2022,nintendo,33773,4225,655844
Yaf9h-Rceus,24/08/2022,nintendo,5333,883,87181
aiuIZN0KDFQ,10/08/2022,nintendo,93512,11770,2467290
z7SGxS0h8YQ,24/08/2022,nintendo,4996,791,86658
dKB3WXRWTCM,28/06/2022,nintendo,93420,11201,2745019
I0wIauQ0wMs,24/08/2022,nintendo,2677,390,51017
xBly7QHQkYA,28/07/2022,nintendo,88302,10753,2173854
uS5exTLvQVo,24/08/2022,nintendo,959,87,9269
hoHvpS2x8us,22/06/2022,nintendo,27953,6430,848504
_sapOflid6o,24/08/2022,nintendo,3465,317,59232
QrW6gVz7H5M,24/08/2022,nintendo,2208,837,37340
U_VQPOYJxpI,24/08/2022,nintendo,7455,160,71578
tDdvopwhCaE,23/08/2022,nintendo,697,120,17418
DtMOAvOWTvY,10/08/2022,nintendo,59959,5338,1310018
96mrgd8-3yE,24/08/2022,nintendo,406,57,13184
cCyPBq_u638,23/08/2022,nintendo,1897,349,36948
T17B7v6T8W4,23/08/2022,nintendo,7166,897,156610
QkQ2TlVoXVg,10/08/2022,nintendo,4122,567,112040
y9b2vxjP0po,09/03/2017,nintendo,54951,6290,5370346
LL2H1ksXocA,24/08/2022,nintendo,760,80,11630
tOtVkaGqtbQ,31/07/2022,nintendo,3769,590,180396
TlBU5LfBEcM,03/11/2021,nintendo,8058,662,566503
ojiBuA97rdc,03/08/2022,nintendo,119930,11926,3432799
q6S7VOi3E5k,06/03/2021,nintendo,92823,5623,8295441
JDB-Vm4eqTk,24/08/2022,nintendo,2104,481,46065
46C33cO4A3c,15/11/2021,nintendo,20892,976,640120
aJ8ZOtE--_g,29/09/2021,nintendo,79878,3067,2750006
28RxpkcVAFw,28/02/2021,nintendo,565673,35186,31667627
sgNyDjjDCD4,26/02/2021,nintendo,350411,15822,6058858
kmgWldPQ6t0,23/08/2022,nintendo,2179,324,55298
AsuXEeDKRoQ,17/05/2022,nintendo,7785,331,621651
gOGJGv6OoXA,13/07/2022,nintendo,43557,4766,514758
LoumzWmxUDo,16/08/2022,nintendo,3016,573,56101
LKkUMbagFcc,24/08/2022,nintendo,2118,245,35759
EvMp_cnU1Cc,24/08/2022,nintendo,221,35,2225
92F46l6vpRs,08/06/2022,nintendo,89783,7013,2610708
Rkz-PjCQjWk,22/04/2022,nintendo,77209,8351,1700683
_bFhv1gXFrc,17/08/2022,nintendo,5437,1020,109574
6i0BA-cDnrU,24/08/2022,nintendo,814,85,12274
nHnh15pScSI,03/08/2022,nintendo,4936,750,208877
JbTvmqtskYY,18/08/2022,nintendo,4972,1307,87422
29qaA3suXBk,19/07/2022,nintendo,28895,6897,707813
k1wBOG4v3T4,22/12/2021,nintendo,22443,300,681002
#NAME?,22/08/2022,nintendo,24496,257,254500
xvCmnfVQQRE,21/08/2022,nintendo,3675,685,85298
8nkTemr8AVY,20/07/2022,nintendo,15392,1232,297966
xc7d1iU7SVI,23/05/2022,nintendo,24059,3355,805728
kVMMvvKkJpM,24/08/2022,xbox,926,258,16396
mxjMX7ziMNc,24/08/2022,xbox,1079,473,16451
rOYnwhKwlw8,12/06/2022,xbox,115164,5254,4098562
sN9kJY3Ie4s,24/08/2022,xbox,1209,1167,19967
rnn-sfBHX7o,24/08/2022,xbox,858,162,18992
5xRFvRGMwho,14/10/2021,xbox,24017,3549,1148562
qV_dH7cfbMs,14/08/2020,xbox,64432,5717,4526546
pIZW8eoxQ5o,24/08/2022,xbox,6900,383,114921
96mrgd8-3yE,24/08/2022,xbox,406,57,13184
jGZzpr4BtAM,24/11/2020,xbox,52160,11181,2497202
eghRcO16Zig,23/08/2022,xbox,7292,316,135067
KdVM2RhDaAM,15/01/2022,xbox,39845,3375,1760155
NdqOOCel9-o,21/08/2022,xbox,1708,301,58559
573n5HGVo94,20/08/2022,xbox,3205,439,84465
lVuMJBUSfdI,12/08/2022,xbox,1793,185,75483
XWv_4L1_Z7Q,07/05/2019,xbox,124490,7455,8830062
P1W_9yI5UJY,12/08/2022,xbox,2976,131,103500
DRHNWCmF3_0,16/07/2022,xbox,117231,5092,2657361
IeOd4_6kI30,19/02/2022,xbox,35423,1060,1034342
_keRzD8rVp8,24/08/2022,xbox,2468,220,37870
EFvqXRTW330,24/08/2022,xbox,1562,130,10503
_L55PffW9sE,24/08/2022,xbox,855,139,24863
kHDWTIUtSD8,24/08/2022,xbox,1409,122,12041
gEFmwpWfdAI,06/01/2021,xbox,438812,40924,22439610
Hru1FjQUkpI,19/11/2018,xbox,199933,22438,17069314
SxXpaOL9WzI,23/08/2022,xbox,1025,43,14264
JzjkmhcpYYU,01/03/2022,xbox,2295,1399,179180
dnOwCyedro8,21/11/2020,xbox,25029,2468,1651459
60zVVNU_Jvw,23/08/2022,xbox,1781,66,33246
X_vhvlA1sxo,11/08/2022,xbox,2363,725,42216
3okShyDl_UY,24/08/2021,xbox,466063,10976,8324871
kqIdgOs2cPE,08/10/2021,xbox,7455,300,447522
xFcT0zIQcds,24/08/2022,xbox,449,282,4368
EnCdmRnME_A,13/03/2020,xbox,6875,227,543947
aT7_2vZFoqM,23/08/2022,xbox,1872,100,28892
ht6QvakANDk,19/08/2022,xbox,1537,59,41735
5PW3X8Yc2Gg,05/06/2022,xbox,21393,1087,1557335
DWAWh70Ccbk,23/08/2022,xbox,1785,133,19147
iFLu5DH5NI8,19/04/2022,xbox,15593,1407,607849
Ki2JWyOCXwo,17/08/2022,xbox,1466,321,52695
AhEvsny6zLQ,29/07/2022,xbox,2498,294,129231
6lbJ55D7rKg,11/08/2022,xbox,1822,1575,30352
H1nGMrBKOeI,10/08/2022,xbox,1969,312,82902
qqR9pYcrLeU,09/08/2022,xbox,2364,307,50941
YBSRq8EEw6c,22/08/2022,xbox,1639,392,92899
x_WBikPDezY,16/08/2022,xbox,1050,173,79741
9QvqBERvunI,11/10/2020,xbox,82083,6414,2541347
eXSfV9F6Zcs,05/08/2022,xbox,4134,826,77502
13yafinMNv4,19/08/2022,xbox,1490,237,57446
U8agdTVOuxw,24/08/2022,marvel,9401,780,150039
6UsZwc8aRuE,24/08/2022,marvel,17307,1101,331603
w4gOESctqLU,23/08/2022,marvel,4147,1292,106966
RlOB3UALvrQ,24/07/2022,marvel,1435534,64164,36868871
NWzBX3OP234,23/08/2022,marvel,20319,2958,190106
u7JsKhI2An0,24/07/2022,marvel,599842,39313,23222262
8Ltc-BfxBhY,24/05/2022,marvel,8870,554,834400
D7eFpRf4tac,22/07/2022,marvel,697363,18075,18609928
hJUVWZNwkFk,15/03/2022,marvel,48823,3061,1461872
ys2cEkHskH4,24/07/2022,marvel,162408,3151,14118968
WVZTsTXO3Nk,09/06/2022,marvel,283831,9805,12550897
MrktLFjzYWQ,24/07/2022,marvel,79336,3695,1667301
BL4aMClEINw,24/07/2022,marvel,61689,1928,1284173
wsoH9bd8JfA,24/05/2022,marvel,8574,723,936041
jqm0YYcOrOE,27/07/2022,marvel,98519,5633,3020492
qkLquw1rOPA,24/07/2022,marvel,15312,595,286969
RLil-mR8YeQ,01/08/2022,marvel,101465,5079,3487219
PF1XE7yEmgY,24/07/2022,marvel,44866,2709,1486176
m9EX0f6V11Y,15/03/2022,marvel,833480,56565,23717752
1c_W_4cNLn0,24/05/2022,marvel,183765,3810,4181136
VdN0TWU9q2Y,24/08/2022,marvel,7387,566,125674
oHDi01Yn4tY,24/07/2022,marvel,137796,4891,2064594
tgB1wUcmbbw,18/04/2022,marvel,1790536,68822,44424347
smhxQgeLfuA,24/08/2022,marvel,142,6,2813
QdpxoFcdORI,03/05/2021,marvel,626889,35593,14694097
yRnApYO_hBI,17/05/2022,marvel,88764,5853,1815856
Go8nTmfrQd8,24/05/2022,marvel,1602939,61259,54583132
QFn7PN0smwM,15/04/2021,marvel,18225,830,1667322
vKKu-Wt7O2Q,18/04/2022,marvel,148031,5179,3653854
KtoeIXKrU_E,11/08/2022,marvel,45763,2234,1208037
u1RbN7KATAw,24/08/2022,marvel,157,10,4806
gim2kprjL50,17/05/2022,marvel,785650,55050,23973948
hQKbnNhvM0U,23/08/2022,marvel,3867,199,43046
K8SCPBQCmjg,12/08/2022,marvel,55962,2766,1685445
nGpH8MedZH4,18/04/2022,marvel,11620,499,1048056
BE3ZMhLlsiI,23/07/2022,marvel,15641,470,377483
RVwJp_959d8,24/08/2022,marvel,641,32,21129
WnYKgqrZovA,26/01/2018,marvel,19007,141,9904507
rPHQhHDvoic,23/07/2022,marvel,14868,840,618566
aEH_mEZWnd4,24/08/2022,marvel,1734,348,35516
UOvSoHuaNWc,23/08/2022,marvel,8033,404,196801
rf-NqJQJHBU,24/07/2022,marvel,-1,821,553892
_ah_OllAFdI,10/03/2020,marvel,171757,4288,11563268
NdiklopuK70,24/08/2022,marvel,1075,103,19923
Z7tIF7m9KrM,23/08/2022,marvel,33342,435,269849
r6LvjmIKEB0,23/08/2022,marvel,346,24,9050
JXYGEii95vk,24/07/2022,marvel,135411,5708,3666465
kImQ6TnnVPs,22/08/2022,marvel,393,13,12513
9VgG6QcB01k,14/03/2022,marvel,59583,523,3442343
qCzxj40A0lk,18/08/2022,marvel,18551,2136,504475
#NAME?,20/08/2022,movies,1810,13,285609
EHkkwCjQzsc,05/07/2022,movies,779,105,41517
2ZqYj6whM5I,09/03/2022,movies,17411,441,2322280
LMW7L2uM9qQ,27/05/2022,movies,4192,198,1010999
pRltEL1hFqE,24/08/2022,movies,4758,141,1266475
7HDw6AscqaU,28/06/2022,movies,8436,398,594480
MCl7YGCTC6A,23/09/2021,movies,12970,469,2885013
NU87A-5SQGU,17/06/2022,movies,2672,240,73864
9k1dVfkF5gk,23/08/2022,movies,14665,873,1293718
CE2ePMYoNaU,10/05/2021,movies,355,21,30215
cEMMz93OvpI,24/08/2022,movies,228,22,12666
qAS14ADr7Lo,23/08/2022,movies,19135,1625,4043624
5qs37JyMJrU,17/08/2022,movies,18106,325,7510904
dL1QAMFd8bQ,12/06/2022,movies,8680,352,1945769
63kpXeBCnrQ,28/07/2022,movies,600,18,131716
__7MkaWFObQ,20/08/2022,movies,105,-1,28219
HFah22ClwMg,23/08/2022,movies,354984,108099,8186585
rc6EaDhclk4,21/08/2022,movies,830,19,239924
hWf3ybzArDQ,17/08/2022,movies,3600,18,592173
Z20dzX3Rs6A,18/08/2022,movies,9641,115,2278082
hl_J1iabXPg,18/06/2022,movies,7247,88,1766202
2bWgKHHT_4o,27/07/2022,movies,741,29,117695
ipP4Tze_b3Y,23/08/2022,movies,22450,705,2188598
ZcBBGC8_mfU,25/07/2022,movies,20138,-1,5351960
1MZY_0tYmrs,29/12/2021,movies,-1,180,2389222
PIFa7wJ9c0c,18/07/2022,movies,643,0,24012
nf51aIeEWa0,24/08/2022,movies,3963,260,132403
aJ2I8fvo-Zw,20/08/2022,movies,29732,8832,405850
2FYvHn12pOQ,24/08/2022,movies,-1,105,1541874
ZF9aQEBt9XE,17/07/2022,movies,20442,2591,3989464
0VwoYslTFv4,17/06/2022,movies,409,29,45122
0-MwnC4nM1I,23/08/2022,movies,26505,794,5903244
5TMLa14s70s,22/04/2022,movies,5544,196,701005
tq7WVgrrucY,09/08/2022,movies,791,6,128548
WC2LFmU8CNE,21/08/2022,movies,179555,6907,65067408
y4nYf9j04Nk,04/04/2014,movies,54154,2892,15397832
9zMxcklGsI8,04/05/2016,movies,17,1,2758
8gj6deh-fWU,23/08/2022,movies,280080,7414,52046148
BGNE4WaTx-k,15/01/2019,movies,56258,1185,3505369
GGhIbQyz_x4,12/08/2022,movies,31601,1250,6301646
BQqRrlZ67fc,03/06/2022,movies,85408,5547,3733933
cx4Xwae513g,10/07/2014,movies,7791,1827,173717
4mjvZrLnlCg,26/07/2022,movies,23915,311,6897438
wQK1sXdF87s,11/08/2022,movies,42757,1087,2885056
_5EkSF8-8o0,02/01/2022,movies,700,16,18302
X3paOmcrTjQ,04/12/2018,data science,55282,576,2586478
RBSUwFGa6Fk,13/06/2022,data science,51915,876,2197690
#NAME?,18/08/2019,data science,118846,3501,3069097
ua-CiDNNj30,30/05/2019,data science,6579,146,313285
xC-c7E5PK0Y,23/06/2018,data science,16394,864,573706
N6BghzuFLIg,04/03/2019,data science,6386,115,122824
sOZ8MxFw8TQ,19/09/2021,data science,2216,360,87484
Rt6eb9VOFII,09/02/2022,data science,2923,49,89486
pn0PUY0jwGQ,03/08/2022,data science,2970,346,66888
uswU1s3M2VE,20/05/2021,data science,19444,766,609802
O9nf1CqjGzI,25/02/2022,data science,12111,467,266203
fUpChfNN5Uo,10/06/2020,data science,4238,47,261889
xpIFS6jZbe8,27/12/2021,data science,630,86,11642
xvEKQefqQ7A,14/01/2022,data science,2353,178,78038
J68XETxye7g,13/05/2022,data science,7514,251,195145
rqvyWUODZGE,09/07/2022,data science,56267,1146,2214491
5O9abIxIqNA,23/12/2021,data science,2673,174,76828
LHBE6Q9XlzI,02/06/2020,data science,2604,78,113661
iPdO9MwdcLE,14/02/2022,data science,2020,133,54541
iJUzouXg5kY,23/07/2019,data science,7742,787,271415
71RVNeseKZw,24/01/2021,data science,30536,742,1332052
oMn8zc5NlL4,01/06/2022,data science,4267,70,138290
Vfo5le26IhY,20/12/2019,data science,1760,170,35373
q2Ruz1dHnow,07/05/2020,data science,5407,54,309718
eJtHzkMy_1k,26/04/2021,data science,26837,555,559680
aGu0fbkHhek,17/03/2019,data science,12875,354,317372
AYWLZ1lES6g,11/07/2022,data science,712,130,17259
ylOILe-Sc-w,06/08/2021,data science,14986,616,324079
A2v4_SFd9Cc,20/02/2022,data science,1738,100,32054
JUkSeqe1eYQ,22/07/2020,data science,36835,1265,1456270
lpSw_RAPmgc,21/05/2022,data science,3252,331,99774
7eh4d6sabA0,17/09/2020,data science,7555,442,295344
2qVWurPFwfc,19/11/2021,data science,582,33,10129
gamjNp2CToQ,19/05/2022,data science,3765,74,85503
PNr51ZJkoBU,24/02/2022,data science,19969,621,578389
XW0YptcgZSk,29/04/2022,data science,29589,950,718461
4Z6lxfglvUU,01/07/2018,data science,43704,1543,800364
CC66RXeTn_4,05/01/2022,data science,20106,616,435863
jtn-hRJjl68,11/11/2021,data science,44518,1273,1058423
Axu4tJl8gbM,26/12/2020,data science,71,2,911
t8JRidxZCXU,07/06/2021,data science,16225,454,510592
Q_6o8l5aEWg,24/08/2022,data science,3759,67,151345
nLPve1gGSMU,06/05/2022,data science,55097,1543,2287752
innk6tpRCW0,27/12/2020,data science,2313,230,95826
k2P_pHQDlp0,26/11/2019,data science,2180,170,31289
gUukBKtwjQo,09/05/2022,data science,2350,162,72414
PD8VGZjfI9Y,02/09/2021,data science,8896,225,304816
IpawPa1e2o0,10/01/2021,data science,4869,218,101255
11unm2hmvOQ,22/01/2022,data science,39458,744,961789
65yXoFc5stI,01/01/2022,data science,33471,1176,855620
_tE4phLuGyA,06/04/2022,game development,30398,954,720075
WH4ccUV2VCU,21/01/2022,game development,33529,699,677081
naES42NxbyY,23/04/2021,game development,11496,324,318051
7C92ZCnlmQo,03/04/2020,game development,6314,373,181931
x5wndRdBowo,26/01/2022,game development,8491,613,202934
c-aEBxGPLB0,18/06/2022,game development,6770,537,137791
aWr95b6e73I,19/06/2022,game development,52388,2362,691573
7QuQa2jX6qI,16/07/2022,game development,30071,1490,405989
ZMbIvmv25u0,15/10/2021,game development,16028,344,283172
iAxSqi5LBDM,31/05/2022,game development,82,14,1352
#NAME?,10/11/2021,game development,18486,733,353784
Y7NtFNfCyi0,22/08/2022,game development,52347,2407,1705786
zatQG96LYQA,30/04/2022,game development,2611,217,36138
gB1F9G0JXOo,15/04/2021,game development,42113,1385,1379849
66SKA06jouw,11/08/2022,game development,11283,385,265906
kRVQYb9wzaU,19/10/2021,game development,328,90,2661
FH6oEwmEgnk,26/05/2022,game development,45878,963,1291584
jEJ_D53RquY,17/08/2022,game development,24954,651,808215
G8AT01tuyrk,21/10/2018,game development,12759,362,323071
bbTGeRMy8oQ,11/05/2022,game development,193795,19579,6478696
286SGzpUx9o,26/04/2022,game development,4597,263,107917
OU3B3D-52us,24/08/2020,game development,54822,1361,1419701
fcfv1KJkTGo,08/06/2022,game development,374,21,6573
DyVRjp0Nf7w,22/07/2020,game development,1218,99,15426
ez_-GKJafMU,01/08/2022,game development,169994,5444,2853947
L9VXp6vGc58,16/08/2022,game development,11283,656,176919
Y3Rs1z7it5M,18/03/2020,game development,79849,4880,2475429
sVVn1C3F87A,30/03/2022,game development,7774,201,165986
I9G6xJTUCHs,25/07/2021,game development,5009,325,67619
cFyBbDj9gvY,21/12/2021,game development,17967,1042,470123
0FTlopQl0h0,23/08/2021,game development,46566,3491,1732100
8fcy0_FQ_OA,17/03/2022,game development,9330,567,320959
EezyHvMbILo,28/04/2020,game development,57691,2798,1510897
V5o6CQNPgsQ,24/10/2020,game development,1796,72,47696
1mwNrMD0Lm0,23/05/2020,game development,3792,337,58850
YaUdstkv1RE,11/05/2022,game development,19112,433,527380
e9N4PIeYAnY,22/07/2022,game development,17272,1683,492976
k_qILWYgaSM,10/02/2022,game development,889,69,18154
TnsdRa_KvbI,30/07/2022,game development,7665,534,133708
tV3zWkI-JGs,02/07/2022,game development,1244,80,23909
E6qlaQkdAos,29/06/2022,game development,3831,187,76643
DoLbS7c9FKs,10/06/2022,game development,6545,571,128164
fsEwtkEBXmo,01/12/2020,game development,630,221,5663
hysfq_xJAw0,28/04/2022,game development,34468,1223,1085330
0jTI8UfcY1M,13/08/2022,game development,25476,1892,512978
PshNJwGdWOM,24/04/2020,game development,1409,91,30465
SBmeEQOh20A,19/05/2021,game development,5556,318,170837
RTpj9_S4zVU,27/07/2022,game development,27768,1635,578167
ueNhxQ2lYOM,15/06/2021,game development,41946,2106,3346948
HgrFyitP4bo,10/07/2022,game development,42940,1735,1407324
ukzFI9rgwfU,19/09/2018,machine learning,43189,1155,2317183
5q87K1WaoFI,18/08/2021,machine learning,15137,181,906372
GwIo3gDZCVQ,22/09/2019,machine learning,36835,1265,1456270
HcqpanDadyQ,24/08/2017,machine learning,38776,566,2278698
7eh4d6sabA0,17/09/2020,machine learning,1237,16,32605
nKW8Ndu7Mjw,31/08/2017,machine learning,30764,929,856628
q6kJ71tEYqM,31/03/2022,machine learning,18982,402,1339489
NWONeJKn6kc,30/08/2021,machine learning,300789,6254,11814893
h0e2HAPTGF4,19/05/2017,machine learning,13141,382,181827
aircAruvnKk,05/10/2017,machine learning,17219,417,762553
PeMlggyqz0Y,09/09/2021,machine learning,16152,282,605453
z-EtmaFJieY,01/11/2017,machine learning,44217,1448,872008
yN7ypxC7838,16/05/2020,machine learning,559,24,27243
I74ymkoNTnw,20/02/2018,machine learning,22643,555,508969
9gGnTQTYNaE,14/07/2021,machine learning,16723,372,738202
nl7kDPYD20A,29/09/2019,machine learning,8812,889,578179
KNAWp2S3w94,30/08/2019,machine learning,34464,822,1651599
reY50t2hbuM,01/10/2020,machine learning,12687,313,367200
VwVg9jCtqaU,09/05/2019,machine learning,29818,1028,854273
Rt6beTKDtqY,30/11/2018,machine learning,27736,692,1432027
pHiMN_gy9mk,12/07/2020,machine learning,176978,7152,10817160
O5xeyoRL95U,11/01/2019,machine learning,4831,1517,292643
qv6UVOQ0F44,13/06/2015,machine learning,29980,897,1167616
I7NrVwm3apg,21/03/2018,machine learning,3518,97,127492
RnFGwxJwx-0,13/02/2020,machine learning,26619,1070,1378069
JxgmHe2NyeY,28/05/2022,machine learning,5658,195,132583
ZJixNvx9BAc,20/06/2019,machine learning,9862,205,402110
OuC3wgp1Fnw,23/10/2019,machine learning,463331,21849,7497071
VyWAvY2CF9c,30/07/2020,machine learning,18847,76,1414209
R9OHn5ZF4Uo,18/12/2017,machine learning,10441,172,515395
jGwO_UgTS7I,17/04/2020,machine learning,25161,1188,847233
t4K6lney7Zw,25/06/2020,machine learning,1151,37,25386
EuBBz3bI-aA,17/09/2018,machine learning,109335,2712,5028230
y4o9hrSCDPI,12/01/2022,machine learning,1520,32,56956
IHZwWFHWa-w,16/10/2017,machine learning,4306,48,238411
c8W7dRPdIPE,02/03/2022,machine learning,413,4,41925
t6gOpFLt-Ks,22/06/2018,machine learning,5190,217,145691
QghjaS0WQQU,22/02/2018,machine learning,15683,1004,879470
0MNVhXEX9to,12/02/2021,machine learning,3505,408,257103
6M5VXKLf4D4,03/06/2019,machine learning,2712,146,82298
FB5EdxAGxQg,19/12/2018,machine learning,2464,130,192964
opb2Bq4Qvyo,28/05/2021,machine learning,7289,158,351087
G7fPB4OHkys,13/02/2018,machine learning,4759,232,130286
4UJelID_ICw,01/02/2022,machine learning,1861,184,37959
T4MLrtOKPjY,11/05/2021,machine learning,9615,648,319957
AO6urf07KjE,14/06/2021,machine learning,10259,416,386360
7ClLKBUvmRk,08/10/2017,machine learning,2981,72,431421
0jspaMLxBig,20/02/2020,machine learning,5198,443,226152
