"Date","Time","CO","NMHC","Benzene","NOx","NO2","Temp","RH","AH"
"10/03/2004","18:00:00",2.6,150,11.9,166,113,13.6,48.9,0.7578
"10/03/2004","19:00:00",2,112,9.4,103,92,13.3,47.7,0.7255
"10/03/2004","20:00:00",2.2,88,9,131,114,11.9,54,0.7502
"10/03/2004","21:00:00",2.2,80,9.2,172,122,11,60,0.7867
"10/03/2004","22:00:00",1.6,51,6.5,131,116,11.2,59.6,0.7888
"10/03/2004","23:00:00",1.2,38,4.7,89,96,11.2,59.2,0.7848
"11/03/2004","00:00:00",1.2,31,3.6,62,77,11.3,56.8,0.7603
"11/03/2004","01:00:00",1,31,3.3,62,76,10.7,60,0.7702
"11/03/2004","02:00:00",0.9,24,2.3,45,60,10.7,59.7,0.7648
"11/03/2004","05:00:00",0.7,8,1.1,16,28,11,56.2,0.7366
"11/03/2004","06:00:00",0.7,16,1.6,34,48,10.5,58.1,0.7353
"11/03/2004","07:00:00",1.1,29,3.2,98,82,10.2,59.6,0.7417
"11/03/2004","08:00:00",2,64,8,174,112,10.8,57.4,0.7408
"11/03/2004","09:00:00",2.2,87,9.5,129,101,10.5,60.6,0.7691
"11/03/2004","10:00:00",1.7,77,6.3,112,98,10.8,58.4,0.7552
"11/03/2004","11:00:00",1.5,43,5,95,92,10.5,57.9,0.7352
"11/03/2004","12:00:00",1.6,61,5.2,104,95,9.5,66.8,0.7951
"11/03/2004","13:00:00",1.9,63,7.3,146,112,8.3,76.4,0.8393
"11/03/2004","14:00:00",2.9,164,11.5,207,128,8,81.1,0.8736
"11/03/2004","15:00:00",2.2,79,8.8,184,126,8.3,79.8,0.8778
"11/03/2004","16:00:00",2.2,95,8.3,193,131,9.7,71.2,0.8569
"11/03/2004","17:00:00",2.9,150,11.2,243,135,9.8,67.6,0.8185
"11/03/2004","18:00:00",4.8,307,20.8,281,151,10.3,64.2,0.8065
"11/03/2004","19:00:00",6.9,461,27.4,383,172,9.7,69.3,0.8319
"11/03/2004","20:00:00",6.1,401,24,351,165,9.6,67.8,0.8133
"11/03/2004","21:00:00",3.9,197,12.8,240,136,9.1,64,0.7419
"11/03/2004","22:00:00",1.5,61,4.7,94,85,8.2,63.4,0.6905
"11/03/2004","23:00:00",1,26,2.6,47,53,8.2,60.8,0.6657
"12/03/2004","00:00:00",1.7,55,5.9,122,97,8.3,58.5,0.6438
"12/03/2004","01:00:00",1.9,53,6.4,133,110,7.7,59.7,0.6308
"12/03/2004","02:00:00",1.4,40,4.1,82,91,7.1,61.8,0.6276
"12/03/2004","05:00:00",0.6,7,1,30,44,6.3,65,0.6233
"12/03/2004","06:00:00",0.8,17,1.8,56,71,6.8,62.9,0.6234
"12/03/2004","07:00:00",1.4,33,4.4,109,104,6.4,65.1,0.6316
"12/03/2004","08:00:00",4.4,202,17.9,307,141,7.3,63.1,0.6499
"12/03/2004","10:00:00",3.1,208,14,187,122,13.2,41.7,0.632
"12/03/2004","11:00:00",2.7,166,11.6,216,143,14.3,38.4,0.6243
"12/03/2004","12:00:00",2.1,114,10.2,143,113,15,36.5,0.6195
"12/03/2004","13:00:00",2.5,140,11,160,116,16.1,34.5,0.6262
"12/03/2004","14:00:00",2.7,169,12.8,163,123,16.3,35.7,0.656
"12/03/2004","15:00:00",2.9,185,14.2,190,126,15.8,37,0.661
"12/03/2004","16:00:00",2.8,165,12.7,178,120,15.9,37.2,0.6657
"12/03/2004","17:00:00",2.4,133,11.7,150,119,16.9,34.3,0.6549
"12/03/2004","18:00:00",3.9,233,19.3,206,149,15.1,39.6,0.6766
"12/03/2004","19:00:00",3.7,242,18.2,202,145,14.4,43.4,0.7084
"12/03/2004","20:00:00",6.6,488,32.6,340,170,12.9,50.5,0.7478
"12/03/2004","21:00:00",4.4,333,20.1,274,149,12.1,53.3,0.7536
"12/03/2004","22:00:00",3.5,215,14.3,253,139,11,59.1,0.774
"12/03/2004","23:00:00",5.4,367,21.8,300,134,9.7,64.6,0.7771
"13/03/2004","00:00:00",2.7,122,9.6,193,113,9.5,64.1,0.7597
"13/03/2004","01:00:00",1.9,67,7.4,139,97,9.1,63.9,0.7423
"13/03/2004","02:00:00",1.6,43,5.4,83,82,8.8,63.9,0.7256
"13/03/2004","05:00:00",1,30,2.6,62,65,8.3,63.6,0.6982
"13/03/2004","06:00:00",1.2,27,2.9,53,60,7.2,67.5,0.6887
"13/03/2004","07:00:00",1.5,47,5.1,139,77,6.3,71.9,0.6932
"13/03/2004","08:00:00",2.7,132,11.8,256,96,6.5,71.6,0.6945
"13/03/2004","09:00:00",3.7,239,15.1,295,119,9.6,59.7,0.7124
"13/03/2004","10:00:00",3.2,160,12.9,250,126,12.4,51.2,0.7335
"13/03/2004","11:00:00",4.1,283,16.1,296,158,15.6,42.2,0.7451
"13/03/2004","12:00:00",3.6,210,14,239,161,18.4,33.8,0.709
"13/03/2004","13:00:00",2.8,154,12.3,153,124,19.4,31.3,0.695
"13/03/2004","14:00:00",2,112,8.6,118,102,18,34.8,0.7127
"13/03/2004","15:00:00",2,108,9.2,119,116,18.4,33.6,0.7042
"13/03/2004","16:00:00",2.5,111,10.2,138,124,17.6,35.1,0.7012
"13/03/2004","17:00:00",2.3,97,10.6,148,125,16.7,37.8,0.7117
"13/03/2004","18:00:00",3.2,191,15.5,227,148,16.1,41,0.7451
"13/03/2004","19:00:00",4.2,258,19.6,277,165,15.8,42.4,0.7569
"13/03/2004","20:00:00",4.2,284,19.2,279,161,15.7,44.1,0.7786
"13/03/2004","21:00:00",4.2,269,18.3,283,159,15.3,46.8,0.8091
"13/03/2004","22:00:00",3.1,180,13.1,214,143,14.6,48.6,0.806
"13/03/2004","23:00:00",2.6,116,10.9,172,130,14.7,49.3,0.8193
"14/03/2004","00:00:00",2.9,93,11,190,129,13.9,53.6,0.8498
"14/03/2004","01:00:00",2.8,131,11.9,174,119,14.6,51.5,0.8536
"14/03/2004","02:00:00",2.5,92,8.6,128,104,12.5,58.9,0.8537
"14/03/2004","05:00:00",1.2,32,3.7,53,70,11.5,63.1,0.8533
"14/03/2004","06:00:00",1,29,2.5,44,63,11.6,62.2,0.8473
"14/03/2004","07:00:00",0.9,27,2.4,74,67,10.4,67.6,0.853
"14/03/2004","08:00:00",1.4,36,4.2,101,84,11.6,62.7,0.853
"14/03/2004","09:00:00",1.6,57,6.4,118,83,12.4,60,0.8627
"14/03/2004","10:00:00",2.2,129,8.6,144,98,14.5,53.1,0.8728
"14/03/2004","11:00:00",2.8,148,10.9,176,114,16.9,46.1,0.8789
"14/03/2004","12:00:00",2.8,145,10.7,161,119,19.3,38.3,0.8474
"14/03/2004","13:00:00",2,93,7.5,113,104,21.2,31.4,0.7812
"14/03/2004","14:00:00",1.8,84,7.5,103,102,21.4,30.2,0.7616
"14/03/2004","15:00:00",1.9,99,8.2,112,107,21.9,29,0.7525
"14/03/2004","16:00:00",3,150,11.9,170,129,22.2,28.4,0.7516
"14/03/2004","17:00:00",2.9,156,12,180,128,21.3,30.8,0.7696
"14/03/2004","18:00:00",2.5,122,12.2,160,121,19.7,36.7,0.8307
"14/03/2004","19:00:00",4.6,262,20.6,261,157,18.4,41.7,0.8732
"14/03/2004","20:00:00",5.9,341,23.1,325,173,17.6,46.1,0.921
"14/03/2004","21:00:00",3.4,214,14.7,217,146,16.7,49.6,0.932
"14/03/2004","22:00:00",2.1,100,9,146,121,16.3,51,0.9341
"14/03/2004","23:00:00",2.2,79,8.8,152,119,14.7,55.9,0.9314
"15/03/2004","00:00:00",1.8,66,7.4,104,99,14.8,54.7,0.9164
"15/03/2004","01:00:00",1.8,73,6.9,106,93,14,57,0.9094
"15/03/2004","02:00:00",1.8,66,7,108,88,13.4,61.3,0.9361
"15/03/2004","05:00:00",1,39,3.9,88,74,11.9,67.4,0.9375
"15/03/2004","06:00:00",1.4,51,6.4,138,80,11.4,70.5,0.9475
"15/03/2004","07:00:00",2.2,107,9.7,228,89,11.3,70.2,0.9401
"15/03/2004","08:00:00",5.5,336,25.9,360,114,12.4,63.9,0.917
"15/03/2004","09:00:00",8.1,618,36.7,478,149,14.8,54.3,0.9076
"15/03/2004","10:00:00",5.8,438,26.6,394,157,17.4,45.6,0.8993
"15/03/2004","11:00:00",4.2,334,20.1,319,155,19.8,38.5,0.8801
"15/03/2004","12:00:00",3.1,221,14.1,201,134,22,34.1,0.8904
"15/03/2004","13:00:00",2.9,207,14.9,171,119,23.3,32.2,0.9096
"15/03/2004","14:00:00",2.9,191,15.4,159,111,23.9,30,0.8757
"15/03/2004","15:00:00",2.5,185,12.1,153,104,24.4,28.9,0.8736
"15/03/2004","16:00:00",2.3,141,11.5,143,99,24.4,29.4,0.8848
"15/03/2004","17:00:00",2.8,214,14.8,156,110,23.8,31.3,0.9137
"15/03/2004","18:00:00",6.1,471,32.1,314,162,22.5,35.4,0.9547
"15/03/2004","19:00:00",8,685,39.2,404,187,20.4,42.5,1.0086
"15/03/2004","20:00:00",6.5,538,31,320,165,18.3,52.6,1.0945
"15/03/2004","21:00:00",4.2,319,19.9,256,145,16.7,57.4,1.0786
"15/03/2004","22:00:00",3.2,224,15.3,193,125,15.7,60.2,1.0654
"15/03/2004","23:00:00",1.4,67,6.9,89,101,15.3,61.4,1.058
"16/03/2004","00:00:00",2.1,155,11.1,127,103,14.1,65.7,1.0494
"16/03/2004","01:00:00",1.2,49,5.4,79,88,14.8,60.6,1.0148
"16/03/2004","02:00:00",0.8,29,2.8,43,61,14.8,59.2,0.9879
"16/03/2004","05:00:00",0.6,17,2,38,52,12.8,63.2,0.9283
"16/03/2004","06:00:00",0.9,27,3.5,82,64,11.2,68.5,0.9081
"16/03/2004","07:00:00",1.3,50,5.1,99,70,11,66.5,0.8705
"16/03/2004","08:00:00",3.4,218,16.2,263,97,11.7,63.7,0.8719
"16/03/2004","09:00:00",3.7,285,19.7,229,95,13.6,56.3,0.8743
"16/03/2004","10:00:00",5.3,437,25.1,396,150,17.8,42.9,0.8672
"16/03/2004","11:00:00",4.1,327,20,314,162,21.4,33.3,0.8417
"16/03/2004","12:00:00",3.3,283,18.3,217,154,24.4,27.4,0.8231
"16/03/2004","13:00:00",4,366,22.3,252,161,25.3,26.1,0.8264
"16/03/2004","14:00:00",3.8,318,20.4,263,161,25.8,23.2,0.7589
"16/03/2004","15:00:00",2.8,228,14.6,180,128,27,20.2,0.7094
"16/03/2004","16:00:00",2.9,201,16.6,184,129,28.2,18.6,0.7014
"16/03/2004","17:00:00",2.9,199,15.8,190,133,28,19.1,0.7098
"16/03/2004","18:00:00",3.4,237,17.8,184,139,23.9,25.7,0.7519
"16/03/2004","19:00:00",3.9,261,19.1,181,137,21.3,34.8,0.873
"16/03/2004","20:00:00",3.2,230,15.8,166,143,20.4,36.7,0.8704
"16/03/2004","21:00:00",5.1,349,24.9,317,177,19,41.3,0.9007
"16/03/2004","22:00:00",2.6,183,13.5,184,138,17.9,45.9,0.9342
"16/03/2004","23:00:00",1.7,88,9.1,130,117,16.7,48.9,0.9226
"17/03/2004","00:00:00",1.7,85,8.6,132,107,15.5,52.9,0.9271
"17/03/2004","01:00:00",1.2,47,5.4,95,90,15.5,51.9,0.9059
"17/03/2004","02:00:00",0.9,34,4.1,70,79,14.1,55.6,0.891
"17/03/2004","05:00:00",0.5,11,1.6,28,40,11.8,58,0.8026
"17/03/2004","06:00:00",0.5,18,1.9,46,53,11.9,57.4,0.7978
"17/03/2004","07:00:00",1.6,84,7.5,160,84,9.9,65.2,0.7956
"17/03/2004","08:00:00",4.1,260,21.4,320,108,11.1,60.2,0.7958
"17/03/2004","09:00:00",6.6,534,36.4,377,127,14.1,50,0.802
"17/03/2004","10:00:00",4.3,368,21.3,280,134,17.7,40.1,0.8048
"17/03/2004","11:00:00",2.9,200,15.4,221,135,21.1,33.4,0.8265
"17/03/2004","12:00:00",2.5,145,12.5,210,142,24.3,28.3,0.8471
"17/03/2004","13:00:00",2.8,188,15.1,204,153,25.6,25.6,0.8254
"17/03/2004","14:00:00",2.6,152,13.7,161,123,25.9,25.9,0.8503
"17/03/2004","15:00:00",2,103,10.4,135,104,26.8,18.7,0.65
"17/03/2004","16:00:00",2.9,193,15.2,186,129,29.3,15.8,0.6309
"17/03/2004","17:00:00",2.5,134,12.3,147,114,28.5,14.9,0.5708
"17/03/2004","18:00:00",5,386,27,299,158,25.9,16,0.5237
"17/03/2004","19:00:00",7.6,577,38.4,411,194,23.1,26.5,0.7403
"17/03/2004","20:00:00",6.7,523,35.1,347,182,20.5,38.2,0.9133
"17/03/2004","21:00:00",5.7,472,27.2,336,180,19.1,42.6,0.9294
"17/03/2004","22:00:00",2.8,206,15,202,136,17.2,44.1,0.8558
"17/03/2004","23:00:00",2.6,216,15.7,178,127,16,50.9,0.9206
"18/03/2004","00:00:00",2.3,159,13,154,116,14.8,53.9,0.9024
"18/03/2004","01:00:00",1.4,70,8.1,92,107,14.3,55.4,0.8975
"18/03/2004","02:00:00",1,44,5.5,61,88,14.8,52.1,0.8686
"18/03/2004","05:00:00",0.6,20,2.5,37,57,12,58.9,0.8233
"18/03/2004","06:00:00",0.7,26,3,68,71,10.9,62.1,0.8113
"18/03/2004","07:00:00",1.5,78,7.7,139,85,10.6,63.3,0.8067
"18/03/2004","08:00:00",4.7,319,23.3,339,124,11.5,60,0.8117
"18/03/2004","09:00:00",6.6,506,35.8,421,151,14.3,50.6,0.8186
"22/03/2004","16:00:00",2.3,451,11.6,150,101,21.3,24.2,0.606
"22/03/2004","17:00:00",2.6,185,12.4,138,103,20.2,28.5,0.6682
"22/03/2004","18:00:00",3.8,426,18.3,213,129,17,43.1,0.8264
"22/03/2004","19:00:00",4.4,672,21,232,143,15.6,47.4,0.8347
"22/03/2004","20:00:00",4.5,624,21,238,146,15.3,47.4,0.8178
"22/03/2004","21:00:00",3.3,325,14.5,180,124,14.5,49.7,0.8177
"22/03/2004","22:00:00",2,143,8.4,128,113,13.9,52,0.8231
"22/03/2004","23:00:00",1.1,89,4.3,65,80,14.5,49.4,0.8106
"23/03/2004","00:00:00",0.9,73,3.8,53,72,13.8,51.4,0.8071
"23/03/2004","01:00:00",0.8,48,2.7,47,64,14,51.3,0.8163
"23/03/2004","02:00:00",0.7,47,2.5,51,70,13,56.8,0.8444
"23/03/2004","05:00:00",0.3,19,0.6,13,22,8.8,80.5,0.9147
"23/03/2004","06:00:00",0.5,26,1.8,33,47,9.6,75.4,0.9004
"23/03/2004","07:00:00",1.1,60,4.6,103,88,9.8,75,0.9093
"23/03/2004","08:00:00",3,248,14.2,224,130,10,74.2,0.9117
"23/03/2004","09:00:00",3.8,535,21,244,132,11.2,69.7,0.9232
"23/03/2004","10:00:00",3.4,340,16.2,237,132,12,62.9,0.8803
"23/03/2004","11:00:00",3,325,15.5,220,131,12.8,55.8,0.821
"23/03/2004","12:00:00",2.7,267,13.4,207,129,13.1,54.8,0.8234
"23/03/2004","13:00:00",3.5,325,16.9,208,132,13.8,53.4,0.8351
"23/03/2004","14:00:00",2.8,268,12.4,160,110,16,42.4,0.7674
"23/03/2004","15:00:00",1.9,136,10.1,131,99,14.1,49.8,0.7971
"23/03/2004","16:00:00",2,118,8.7,128,100,12,61.1,0.8537
"23/03/2004","17:00:00",3,276,13.8,176,122,13.6,54.6,0.8465
"23/03/2004","18:00:00",1.9,151,9.3,107,97,13.7,49.5,0.7695
"23/03/2004","19:00:00",2.7,236,13,131,112,11.7,57.1,0.7822
"23/03/2004","20:00:00",3.3,220,14.3,166,128,11.5,58.2,0.7867
"23/03/2004","21:00:00",1.7,87,7.6,89,101,12.6,54.2,0.7881
"23/03/2004","22:00:00",1.3,81,5.3,81,96,12,54.9,0.7664
"23/03/2004","23:00:00",1.3,74,5.4,78,86,11,61.4,0.8057
"24/03/2004","00:00:00",1.2,55,4.9,70,85,11.1,62.2,0.8199
"24/03/2004","01:00:00",1.1,74,4.6,76,79,10.8,62.5,0.8082
"24/03/2004","02:00:00",0.9,35,2.7,43,61,11.3,60,0.8025
"24/03/2004","05:00:00",0.6,20,1.2,34,54,10.9,58.6,0.7628
"24/03/2004","06:00:00",0.8,32,1.7,43,57,10.8,57.2,0.7382
"24/03/2004","07:00:00",1.2,84,4.8,79,75,10.4,59.2,0.7455
"24/03/2004","08:00:00",3.1,245,13.8,174,97,11,57.3,0.7501
"24/03/2004","09:00:00",4.4,553,23.7,235,110,11.2,56.9,0.7565
"24/03/2004","10:00:00",3.4,450,14.2,218,113,12.1,54.9,0.7734
"24/03/2004","11:00:00",1.7,118,8,136,88,15.1,44.3,0.7535
"24/03/2004","12:00:00",1.5,118,6.7,117,85,15.6,40.6,0.7146
"24/03/2004","13:00:00",1.7,144,8.7,119,96,16.9,34.6,0.6597
"24/03/2004","14:00:00",2.2,159,10.8,126,106,16.6,35.6,0.6697
"24/03/2004","16:00:00",2.7,230,11.4,197,126,9.6,81.1,0.972
"24/03/2004","17:00:00",2.8,320,13.4,195,130,11.7,69.1,0.9497
"24/03/2004","18:00:00",2.7,263,12,156,111,10.7,68.5,0.8794
"24/03/2004","19:00:00",4.5,556,20.2,247,134,10.7,67.3,0.8643
"24/03/2004","20:00:00",3.5,458,14.4,190,136,10.8,65.7,0.8486
"24/03/2004","21:00:00",2.6,214,9.4,169,125,10.3,66.3,0.8336
"24/03/2004","22:00:00",1.7,97,5.9,118,108,10.1,66.9,0.8248
"24/03/2004","23:00:00",1.3,79,4.5,81,87,10.4,61.1,0.7717
"25/03/2004","00:00:00",1.3,81,4.5,80,89,10.3,59.9,0.7516
"25/03/2004","01:00:00",1,52,2.5,42,58,11,58.4,0.7686
"25/03/2004","02:00:00",0.7,38,1.8,38,54,9.1,68.1,0.789
"25/03/2004","04:00:00",0.5,29,0.9,18,28,9.3,72.3,0.8496
"25/03/2004","05:00:00",0.5,21,0.6,12,20,9.9,66.8,0.8152
"25/03/2004","06:00:00",0.6,46,1.4,43,51,7.6,83.2,0.8695
"25/03/2004","07:00:00",1.1,55,3.8,84,82,8.1,79,0.8544
"25/03/2004","08:00:00",2.7,271,11.6,184,112,8.7,74.6,0.8429
"25/03/2004","09:00:00",3.5,434,17.8,202,119,8.6,75.1,0.8415
"25/03/2004","10:00:00",2.3,300,8.8,133,99,9.7,69.7,0.8389
"25/03/2004","11:00:00",1.6,116,6.8,130,98,11,64.4,0.8447
"25/03/2004","12:00:00",1.3,95,5.9,106,88,13.6,53,0.8209
"25/03/2004","13:00:00",2,211,8.9,132,96,14.2,48.4,0.778
"25/03/2004","14:00:00",1.9,168,8.2,106,81,14.2,46.3,0.7438
"25/03/2004","15:00:00",1.9,154,8.6,125,92,16,41.3,0.7462
"25/03/2004","16:00:00",2.2,267,10.1,138,105,17.7,35.4,0.7094
"25/03/2004","17:00:00",2,143,9.4,120,88,17.1,37.4,0.7225
"25/03/2004","18:00:00",2.9,374,14.6,158,103,14.9,40.5,0.6835
"25/03/2004","19:00:00",5.2,797,24.6,253,141,13.4,47.8,0.7293
"25/03/2004","20:00:00",4.6,698,21.6,231,133,12.6,52.5,0.7642
"25/03/2004","21:00:00",2.5,234,10.3,150,119,12.2,53.2,0.7555
"25/03/2004","22:00:00",1.5,104,5.7,99,106,10.6,56.1,0.714
"25/03/2004","23:00:00",1.2,67,4.5,75,92,9.9,59.5,0.7276
"26/03/2004","00:00:00",1.7,88,5.5,93,97,9.6,61.1,0.7323
"26/03/2004","01:00:00",1.4,79,4.8,79,91,9.7,61.6,0.7425
"26/03/2004","02:00:00",1.2,61,3.6,67,83,9.4,62.6,0.7398
"26/03/2004","04:00:00",0.7,40,2.2,45,59,8,69.4,0.7459
"26/03/2004","05:00:00",0.8,52,3,72,73,7.7,72.4,0.7655
"26/03/2004","06:00:00",0.9,64,4,103,78,8,71.8,0.7711
"26/03/2004","07:00:00",1.6,88,6.7,132,90,8.5,66.3,0.7375
"26/03/2004","08:00:00",3.4,375,16.7,239,110,9.8,59.6,0.7214
"26/03/2004","09:00:00",3.8,592,19.3,275,114,11.2,57,0.7544
"26/03/2004","10:00:00",3.1,357,14.8,232,119,14.8,44.1,0.7407
"26/03/2004","11:00:00",2.7,296,13.4,180,121,16.8,35.3,0.6729
"26/03/2004","12:00:00",2,181,11,112,97,19.2,27.1,0.5976
"26/03/2004","13:00:00",2.3,211,12.5,116,99,19.1,26.2,0.5741
"26/03/2004","14:00:00",1.9,199,8.4,103,85,16.3,30.8,0.5683
"26/03/2004","15:00:00",1.3,81,5.3,89,75,14.2,36.8,0.5922
"26/03/2004","16:00:00",1.9,143,8.8,112,87,13.4,41,0.6292
"26/03/2004","17:00:00",2.3,247,11.2,127,102,14.2,43.3,0.6982
"26/03/2004","18:00:00",2.4,239,11.6,125,105,12.1,45.6,0.6403
"26/03/2004","19:00:00",2.7,267,12.4,120,98,10.4,48,0.6046
"26/03/2004","20:00:00",2.6,261,10.6,120,93,10,51.1,0.628
"26/03/2004","21:00:00",1.5,97,6,99,91,9.8,50.8,0.6172
"26/03/2004","22:00:00",1.2,66,4.6,79,85,9.7,50.4,0.6063
"26/03/2004","23:00:00",1.1,60,4.1,66,74,9.9,50.2,0.6103
"27/03/2004","00:00:00",1.5,77,5.2,94,87,9.4,53.4,0.63
"27/03/2004","01:00:00",1,57,3.2,70,79,8.6,57.8,0.6488
"27/03/2004","02:00:00",1.2,65,4.5,75,78,8.1,62.1,0.6746
"27/03/2004","05:00:00",0.8,27,1.9,32,48,8.2,58.9,0.6444
"27/03/2004","06:00:00",0.9,25,2.4,54,59,6.3,66.6,0.641
"27/03/2004","07:00:00",1.1,42,3.3,68,65,7.2,62.9,0.6396
"27/03/2004","08:00:00",1.5,78,6.7,98,71,7.2,63.9,0.65
"27/03/2004","09:00:00",1.8,128,8.5,128,84,11.1,50.5,0.6654
"27/03/2004","10:00:00",2.1,184,9.7,129,93,15.5,36.1,0.6313
"27/03/2004","11:00:00",2.1,156,9.4,130,99,17.8,29.2,0.592
"27/03/2004","12:00:00",1.9,176,9,111,93,17.6,30.1,0.6013
"27/03/2004","13:00:00",2.1,232,10,106,96,19.1,26.8,0.5861
"27/03/2004","14:00:00",2.5,305,12.6,137,114,17.7,28.6,0.5735
"27/03/2004","15:00:00",1.9,150,7.6,113,101,17.8,28.4,0.5737
"27/03/2004","16:00:00",2.2,188,11.8,122,108,18.7,26,0.5555
"27/03/2004","17:00:00",2.3,221,11.2,137,117,17.1,31.3,0.6038
"27/03/2004","18:00:00",2.7,219,12.4,165,125,15.8,36.1,0.644
"27/03/2004","19:00:00",3,306,12.9,196,133,14.7,40.1,0.6657
"27/03/2004","20:00:00",2.8,270,12.2,174,119,13.6,44.9,0.6991
"27/03/2004","21:00:00",2.2,231,8.8,140,107,12.5,48.1,0.6946
"27/03/2004","22:00:00",1.6,125,6.8,102,96,11.8,50.8,0.7042
"27/03/2004","23:00:00",2.1,122,8.6,130,105,10.9,56.1,0.7326
"28/03/2004","00:00:00",2.3,161,8.9,121,102,10.9,55.9,0.7277
"28/03/2004","01:00:00",2.3,101,8.3,111,97,10.3,58.1,0.7278
"28/03/2004","02:00:00",1.7,95,6.3,87,79,9.3,62.2,0.7294
"28/03/2004","04:00:00",1.3,96,5.1,77,69,8.3,64.9,0.7124
"28/03/2004","05:00:00",0.8,54,2.6,39,52,9.6,58.5,0.7
"28/03/2004","06:00:00",1.1,63,3.6,77,62,7.7,66.4,0.699
"28/03/2004","07:00:00",1.4,72,3.6,91,69,7.4,68,0.7043
"28/03/2004","08:00:00",1.3,91,4.7,105,75,9.7,58.6,0.7035
"28/03/2004","09:00:00",1.9,127,7.5,133,83,12.5,50.1,0.7242
"28/03/2004","10:00:00",2.3,193,9,128,94,16.8,36.9,0.7018
"28/03/2004","11:00:00",2.3,188,9.5,126,96,19.2,31.3,0.6887
"28/03/2004","12:00:00",1.8,151,7.7,92,86,21.3,26.4,0.6607
"28/03/2004","13:00:00",1.4,103,5.7,66,72,21.2,23.1,0.5768
"28/03/2004","14:00:00",1,55,3.8,50,53,18.6,25,0.5319
"28/03/2004","15:00:00",1.4,104,4.8,70,65,18,27.3,0.5594
"28/03/2004","16:00:00",1.3,116,4.3,73,70,18.2,28.3,0.5848
"28/03/2004","17:00:00",1.3,93,4.1,77,75,17,31.4,0.6048
"28/03/2004","18:00:00",1.4,93,4.7,86,86,15.6,35,0.617
"28/03/2004","19:00:00",1.9,155,6.2,93,94,14.1,40.2,0.6438
"28/03/2004","20:00:00",1.8,115,5.5,105,103,13.4,43.2,0.6623
"28/03/2004","21:00:00",1.1,75,3.3,67,81,12.3,46.8,0.6686
"28/03/2004","22:00:00",1.1,65,3.2,63,80,11.9,46.5,0.6449
"28/03/2004","23:00:00",1.1,57,2.9,63,77,11.5,46.6,0.6319
"29/03/2004","00:00:00",0.9,40,2.2,46,58,10.6,48,0.6135
"29/03/2004","01:00:00",0.6,27,1.3,21,31,10.7,45.8,0.5895
"29/03/2004","02:00:00",0.5,23,1.1,22,38,10.4,46.6,0.5901
"29/03/2004","04:00:00",0.6,21,1.2,39,59,11.3,46.9,0.628
"29/03/2004","05:00:00",0.7,33,1.7,55,70,10.1,51.2,0.6341
"29/03/2004","06:00:00",0.9,40,2.9,76,75,9.9,50.7,0.6167
"29/03/2004","07:00:00",2.9,279,14.3,181,103,8.1,56.8,0.615
"29/03/2004","08:00:00",4.1,743,19.7,259,134,10.9,44.1,0.5748
"29/03/2004","09:00:00",1.5,147,5.5,118,98,11.8,37.6,0.5184
"29/03/2004","10:00:00",1.5,97,5.6,119,97,13.9,33.2,0.5222
"29/03/2004","11:00:00",1.5,118,5.8,123,98,15.6,30.1,0.5285
"29/03/2004","12:00:00",1.4,91,5.5,92,78,16.5,29,0.5406
"29/03/2004","13:00:00",1.6,146,6.5,91,83,17.5,27.9,0.5517
"29/03/2004","14:00:00",1.5,139,5.5,103,92,17.9,26.8,0.5446
"29/03/2004","15:00:00",1.4,155,5.2,102,81,18.2,26.1,0.5387
"29/03/2004","16:00:00",1.5,128,5.8,94,90,18,27.1,0.5522
"29/03/2004","17:00:00",1.9,166,7.9,98,95,17,28.9,0.5558
"29/03/2004","18:00:00",2.5,299,10.2,126,114,16.1,31.3,0.568
"29/03/2004","19:00:00",2.1,163,8.2,108,106,14.5,35.4,0.5839
"29/03/2004","20:00:00",1.6,154,5.7,95,99,13.2,37.9,0.5733
"29/03/2004","21:00:00",1.2,80,3.8,78,90,13.1,34.4,0.517
"29/03/2004","22:00:00",1.1,58,4,61,82,13.5,28.5,0.4405
"29/03/2004","23:00:00",1,55,2.8,55,74,12.4,31.9,0.4583
"30/03/2004","00:00:00",1,33,2.6,57,76,13.1,26.8,0.4023
"30/03/2004","01:00:00",0.7,33,1.8,41,66,11.6,33.6,0.4595
"30/03/2004","02:00:00",0.7,32,1.7,46,73,10.5,42.9,0.5442
"30/03/2004","05:00:00",0.7,26,2.3,52,71,12.9,33.9,0.5037
"30/03/2004","06:00:00",1.1,86,5.3,111,98,11.3,40.3,0.5376
"30/03/2004","07:00:00",2.6,294,13.4,191,115,11.9,38.4,0.5341
"30/03/2004","08:00:00",4,664,23.8,244,130,13.3,35.6,0.5416
"30/03/2004","09:00:00",4.2,695,21.5,283,150,16.3,28.8,0.5305
"30/03/2004","10:00:00",4.7,735,21,320,159,17.9,28.2,0.5741
"30/03/2004","11:00:00",3.9,649,18.4,249,146,18.3,26.6,0.5529
"30/03/2004","12:00:00",3.7,586,18.9,219,138,20.8,22.5,0.5463
"30/03/2004","13:00:00",3.4,546,17.1,200,128,22.4,20,0.5352
"30/03/2004","14:00:00",2.2,245,10.4,138,97,20.9,21.7,0.5295
"30/03/2004","15:00:00",1.9,178,8,118,91,19.1,26.5,0.579
"30/03/2004","16:00:00",1.6,130,6.2,99,81,18.1,30.6,0.6295
"30/03/2004","17:00:00",2.1,151,9.7,112,99,17.3,34.7,0.6788
"30/03/2004","18:00:00",2.2,272,9.6,117,101,15.8,40.4,0.7228
"30/03/2004","19:00:00",2.7,301,11.9,129,106,15.9,42,0.7541
"30/03/2004","20:00:00",2.4,237,8.7,132,102,15.9,43.5,0.779
"30/03/2004","21:00:00",1.3,95,4.7,73,84,15,46.1,0.7833
"30/03/2004","22:00:00",1.2,68,3.8,68,81,15.1,44.6,0.7574
"30/03/2004","23:00:00",1.5,101,4.7,80,91,14.9,43.5,0.7302
"31/03/2004","00:00:00",1.3,81,3.8,68,82,14.8,41,0.685
"31/03/2004","01:00:00",1,50,2.7,44,64,14.8,40.8,0.6814
"31/03/2004","02:00:00",0.9,66,2.8,47,70,14.8,40.8,0.6834
"31/03/2004","04:00:00",0.5,18,0.8,15,26,14.5,36.1,0.5928
"31/03/2004","05:00:00",0.6,31,1.5,44,58,14.6,36,0.5947
"31/03/2004","06:00:00",1,57,3.5,85,93,14.4,38.5,0.6291
"31/03/2004","07:00:00",3.1,342,15.6,207,110,13.8,58.2,0.9129
"31/03/2004","08:00:00",4.1,644,19.9,230,115,13.2,61.1,0.9256
"31/03/2004","09:00:00",2.2,216,8.6,181,125,10.4,74.4,0.9384
"31/03/2004","10:00:00",1.7,117,6.5,144,118,11.5,71,0.9582
"31/03/2004","11:00:00",1.9,156,7.7,140,109,12.2,70,0.9924
"31/03/2004","12:00:00",2.9,332,11.3,204,123,12.3,73.3,1.0442
"31/03/2004","13:00:00",2.2,232,9.1,149,114,11.3,78.1,1.0411
"31/03/2004","14:00:00",2.6,295,11.2,171,114,13.6,69.2,1.0746
"31/03/2004","15:00:00",3.1,386,13.5,195,119,14.9,59.3,0.9974
"31/03/2004","16:00:00",2.3,278,10.1,152,111,15.7,50.9,0.8997
"31/03/2004","17:00:00",2.4,263,11.3,128,103,15.2,52.9,0.9087
"31/03/2004","18:00:00",2.8,322,11.8,121,103,15.5,50.8,0.8881
"31/03/2004","19:00:00",2.7,226,11.5,142,107,14.3,52.9,0.8581
"31/03/2004","20:00:00",2.3,221,9.3,131,105,13.2,56,0.8446
"31/03/2004","21:00:00",1.5,109,5.5,81,91,12.6,57,0.8315
"31/03/2004","22:00:00",1.4,105,5.1,60,79,12.3,57.8,0.8224
"31/03/2004","23:00:00",1.2,84,4.8,57,79,12,58.4,0.8164
"01/04/2004","00:00:00",1.6,106,6.3,96,86,12,61.6,0.8593
"01/04/2004","01:00:00",1.2,100,5.1,85,70,11.5,63.9,0.8652
"01/04/2004","02:00:00",1.1,71,4.1,50,55,10.7,67.2,0.863
"01/04/2004","04:00:00",0.7,44,2.4,57,49,10.2,66.6,0.8299
"01/04/2004","05:00:00",0.9,45,2.9,64,50,11,63.7,0.8325
"01/04/2004","06:00:00",1.7,134,7.4,153,67,9.6,68.8,0.8243
"01/04/2004","07:00:00",4.2,505,19.8,342,94,9.5,69.6,0.8273
"01/04/2004","08:00:00",6.2,1042,31.9,378,119,11.9,60.9,0.8455
"01/04/2004","09:00:00",4.6,737,21,304,139,16.2,48.6,0.8892
"01/04/2004","10:00:00",2.8,375,11.7,192,113,19.2,39.6,0.8693
"01/04/2004","11:00:00",1.6,124,6.8,130,88,19.7,38.4,0.8743
"01/04/2004","12:00:00",1.7,137,7.4,106,73,20.6,36.7,0.8797
"01/04/2004","13:00:00",1.7,179,8.6,102,73,21.8,33.9,0.8771
"01/04/2004","17:00:00",3.3,388,16.4,163,106,23.6,27.5,0.7913
"01/04/2004","18:00:00",4.2,589,21.2,211,132,22.8,32.1,0.8814
"01/04/2004","19:00:00",5.5,840,25,267,164,20.8,36.7,0.8878
"01/04/2004","20:00:00",4.9,655,20.2,269,161,18.3,40.9,0.8493
"01/04/2004","21:00:00",2.5,254,10.8,154,124,16.8,44,0.8341
"01/04/2004","22:00:00",2,188,9.9,127,113,15.8,48,0.8569
"01/04/2004","23:00:00",2,120,8.5,122,103,14.9,52,0.8757
"02/04/2004","00:00:00",2,157,8,126,104,14.1,54.4,0.8701
"02/04/2004","01:00:00",1.3,88,5.6,84,93,13.3,58.8,0.8922
"02/04/2004","02:00:00",1,68,3.2,58,60,13.3,60.9,0.9229
"02/04/2004","05:00:00",0.7,51,2.6,56,66,11.3,72.9,0.9738
"02/04/2004","06:00:00",1.1,93,4.3,91,82,11.4,71.8,0.9671
"02/04/2004","07:00:00",2.6,284,13,159,109,11.9,73.7,1.0254
"02/04/2004","08:00:00",3.9,486,20.3,190,114,12.6,70.2,1.0221
"02/04/2004","09:00:00",5,798,20.7,249,139,13.6,65.3,1.0136
"02/04/2004","10:00:00",3.3,524,15.9,196,127,16.9,52.3,1.0013
"02/04/2004","11:00:00",2.9,468,14.2,180,127,19.4,44.1,0.9855
"02/04/2004","12:00:00",3.1,454,15.9,167,135,22.9,33.8,0.9322
"02/04/2004","13:00:00",3,461,16.1,159,130,23.6,31.3,0.9001
"02/04/2004","14:00:00",2.7,391,14.7,152,126,24.7,30.5,0.9371
"02/04/2004","15:00:00",2.7,337,14,149,121,26.1,27.3,0.9101
"02/04/2004","16:00:00",2.6,297,13.6,143,122,27.6,22.8,0.8288
"02/04/2004","17:00:00",3.7,588,19.7,185,138,26.9,22.3,0.7792
"02/04/2004","18:00:00",4.5,721,23.3,223,165,24.3,30.1,0.9012
"02/04/2004","19:00:00",4.7,710,24.1,215,154,21.2,40.1,0.9978
"02/04/2004","20:00:00",5.5,787,25.4,271,168,19.4,42.5,0.9483
"02/04/2004","21:00:00",3,415,14.1,180,146,18.5,43,0.9074
"02/04/2004","22:00:00",1.9,245,10.1,115,124,17.8,47,0.9467
"02/04/2004","23:00:00",2.3,294,12.1,149,124,16.8,53.2,1.01
"03/04/2004","00:00:00",1.6,139,9,98,106,17.1,51.8,0.999
"03/04/2004","01:00:00",1.3,98,6.3,73,88,16.2,54.2,0.9933
"03/04/2004","02:00:00",1.2,88,5.3,69,83,15.1,58.2,0.9886
"03/04/2004","04:00:00",0.8,57,3,60,74,14.5,58,0.9488
"03/04/2004","05:00:00",0.8,57,3.3,56,64,13.7,61.6,0.9631
"03/04/2004","06:00:00",0.9,60,3.5,73,69,13.9,59.6,0.9408
"03/04/2004","07:00:00",2,200,9.5,159,91,13.3,61.7,0.9399
"03/04/2004","08:00:00",3,451,15.2,203,96,15.1,55.8,0.9486
"03/04/2004","09:00:00",3.1,422,14.3,211,106,17,50.5,0.9684
"05/04/2004","10:00:00",3.1,424,14.3,236,124,15.6,57.4,1.0075
"05/04/2004","11:00:00",3,339,13.7,228,121,16.6,55.2,1.0382
"05/04/2004","12:00:00",3.2,445,15.7,206,114,17,54.3,1.0434
"05/04/2004","13:00:00",3.1,535,15.4,188,114,18,51.5,1.0552
"05/04/2004","14:00:00",2.5,278,12.6,158,106,19.5,47.5,1.0653
"05/04/2004","15:00:00",2.1,256,9.8,124,89,21.6,41.7,1.0606
"05/04/2004","16:00:00",2,245,9.6,98,82,22.2,38.3,1.0106
"05/04/2004","17:00:00",3.2,458,16.3,160,111,20.3,42.8,1.0053
"05/04/2004","18:00:00",4.1,710,19.8,194,132,19.7,45.4,1.0312
"05/04/2004","19:00:00",3.9,678,18,174,121,18.8,47.5,1.0199
"05/04/2004","20:00:00",3.1,436,13.6,157,116,17.9,49.4,1.0064
"05/04/2004","21:00:00",2,178,8.7,109,100,17.5,50.9,1.009
"05/04/2004","22:00:00",1.7,160,7.7,85,89,17.4,51.8,1.023
"05/04/2004","23:00:00",1.6,177,7.3,90,92,17,53.9,1.0363
"06/04/2004","00:00:00",1,101,4.1,61,71,16.6,55.4,1.0408
"06/04/2004","01:00:00",0.8,66,2.7,36,51,15.9,57,1.0224
"06/04/2004","02:00:00",0.5,40,1.5,25,39,15,59.2,1.0059
"06/04/2004","04:00:00",0.5,39,1.8,24,35,14.1,61.6,0.9883
"06/04/2004","05:00:00",0.8,62,3.4,73,64,14.6,58.8,0.9711
"06/04/2004","06:00:00",1.7,120,8.5,164,94,14.4,58.9,0.9594
"06/04/2004","07:00:00",4.5,599,24.1,329,134,15.3,55.2,0.9538
"06/04/2004","08:00:00",6.2,1084,33.7,302,129,16.2,52.5,0.9576
"06/04/2004","09:00:00",4.4,776,22,256,125,18.4,46.3,0.9734
"06/04/2004","10:00:00",2.9,470,14.1,182,107,19.6,41.8,0.9407
"06/04/2004","11:00:00",1.6,169,7.6,105,78,20.2,40.1,0.937
"06/04/2004","12:00:00",2.6,304,14.5,136,91,20.9,36.6,0.8939
"06/04/2004","13:00:00",2.9,405,13.6,167,116,20.4,34.7,0.8229
"06/04/2004","14:00:00",2.5,297,11.5,166,131,19.3,35.4,0.7813
"06/04/2004","15:00:00",1.9,220,9.2,115,113,18.6,36.9,0.7829
"06/04/2004","16:00:00",1.9,226,10.3,109,98,18.8,36.8,0.7883
"06/04/2004","17:00:00",2.7,456,14,143,116,17.5,40.6,0.8068
"06/04/2004","18:00:00",3,470,15,159,120,16.8,44.3,0.8428
"06/04/2004","19:00:00",3.3,503,15.1,181,126,16.3,47.7,0.8746
"06/04/2004","20:00:00",3.2,459,14.8,178,126,15.6,50.7,0.8947
"06/04/2004","21:00:00",1.8,227,8.5,91,90,15.7,49.4,0.8768
"06/04/2004","22:00:00",1.3,152,5.9,76,81,15.8,48.6,0.8653
"06/04/2004","23:00:00",1.1,94,4.8,66,74,15.7,47,0.8325
"07/04/2004","00:00:00",0.9,93,4,56,67,15.7,45.9,0.8121
"07/04/2004","01:00:00",0.7,49,2.3,35,46,15.6,44.9,0.792
"07/04/2004","02:00:00",0.4,30,1.4,21,30,15.6,44.4,0.7827
"07/04/2004","04:00:00",0.3,30,0.7,12,19,15.7,45.4,0.8063
"07/04/2004","05:00:00",0.3,32,0.8,22,32,15.3,50.1,0.8617
"07/04/2004","06:00:00",0.8,59,3.6,55,61,14.2,58.6,0.9443
"07/04/2004","07:00:00",2.8,277,12.9,152,111,14.3,58.2,0.9431
"07/04/2004","08:00:00",3.1,454,15.7,153,102,15,52,0.8817
"07/04/2004","09:00:00",2.3,211,8.6,152,116,13.6,61.4,0.9519
"07/04/2004","10:00:00",1.6,196,7.4,112,96,16.1,53.1,0.9675
"07/04/2004","11:00:00",1.5,110,6.6,119,97,16.6,44.3,0.8294
"07/04/2004","12:00:00",1.6,164,7.8,122,110,17.4,40.3,0.7922
"07/04/2004","13:00:00",1.8,151,9.1,115,103,18.1,42.2,0.8679
"07/04/2004","14:00:00",1.4,112,6.1,84,79,14.4,51.8,0.8433
"07/04/2004","15:00:00",1.9,117,7.5,146,104,10.9,76.4,0.9953
"07/04/2004","16:00:00",1.2,120,5.9,65,69,16.4,47.7,0.8819
"07/04/2004","17:00:00",2.3,251,12.7,120,96,18,37.1,0.7598
"07/04/2004","18:00:00",3.3,435,13.5,185,121,14.7,48.7,0.8089
"07/04/2004","19:00:00",3.1,345,14.5,157,129,11.3,71.3,0.9514
"07/04/2004","20:00:00",3.3,343,11,174,116,10,74,0.9087
"07/04/2004","21:00:00",1.2,62,3.2,62,71,9.8,71.8,0.8702
"07/04/2004","22:00:00",1.3,70,4.3,81,85,9.3,75.2,0.8796
"07/04/2004","23:00:00",1.9,114,7.1,118,101,9.6,76,0.9088
"08/04/2004","00:00:00",1.4,88,4.8,95,97,9.3,75,0.8799
"08/04/2004","01:00:00",1.5,95,5.7,84,89,9,76.7,0.8825
"08/04/2004","02:00:00",1.1,83,4.1,56,72,8.2,79.6,0.8672
"08/04/2004","05:00:00",0.8,68,2.8,69,62,8.1,72.1,0.7798
"08/04/2004","06:00:00",1.1,59,4.8,74,64,8.1,70.4,0.7609
"08/04/2004","07:00:00",2.6,226,13.8,161,80,8.1,70.5,0.7627
"08/04/2004","08:00:00",5.1,802,27.1,308,118,9.9,64.3,0.7859
"08/04/2004","09:00:00",4.2,585,19.1,300,130,13,54.2,0.809
"08/04/2004","10:00:00",2.6,324,11.7,189,113,16.5,42.6,0.7912
"08/04/2004","11:00:00",2.4,308,12.7,164,112,19.3,34.2,0.7566
"08/04/2004","12:00:00",2.1,238,11.3,122,96,21.5,27.4,0.6941
"08/04/2004","13:00:00",2.6,301,14.2,166,125,20.4,26.7,0.6323
"08/04/2004","14:00:00",2.8,294,13.9,181,128,20.6,22.6,0.5432
"08/04/2004","15:00:00",2.5,353,13.2,127,101,20.6,24.8,0.5931
"08/04/2004","16:00:00",1.9,209,10.7,106,95,21,25.4,0.6264
"08/04/2004","17:00:00",3.6,538,19.7,192,138,21.5,24.5,0.6203
"08/04/2004","18:00:00",4.6,808,24,241,154,19.3,28.6,0.6357
"08/04/2004","19:00:00",6.3,974,29.1,326,171,18,32.9,0.6737
"08/04/2004","20:00:00",4.3,544,15.8,232,136,15.8,39.8,0.7096
"08/04/2004","21:00:00",1.6,138,7,92,93,15.3,41.5,0.7194
"08/04/2004","22:00:00",1.4,92,6.3,95,99,14.1,46,0.7363
"09/04/2004","23:00:00",2.3,169,8.4,157,95,12,67.9,0.9523
"10/04/2004","00:00:00",1.3,77,5.4,83,79,12,66.9,0.9336
"10/04/2004","01:00:00",1.7,98,6.9,118,78,11.5,70.1,0.9503
"10/04/2004","02:00:00",1.7,102,6.4,101,75,11.4,69.8,0.939
"10/04/2004","04:00:00",0.8,69,3.3,46,52,10.8,70.3,0.9092
"10/04/2004","05:00:00",1,89,4,81,55,10.2,73.4,0.9129
"10/04/2004","06:00:00",1.4,134,6,112,65,10.8,70.5,0.9142
"10/04/2004","07:00:00",1.7,157,8.2,150,72,11,71,0.9279
"10/04/2004","08:00:00",2,167,9.9,138,76,12.4,64,0.9206
"10/04/2004","09:00:00",2,157,8.8,124,84,15,53.1,0.8993
"10/04/2004","10:00:00",1.9,172,8.4,124,90,16.6,44.4,0.8313
"10/04/2004","11:00:00",2.1,114,7.5,115,89,18,38.4,0.7862
"10/04/2004","12:00:00",1.8,166,7.8,101,87,20.6,30,0.7213
"10/04/2004","13:00:00",1.5,94,6.4,90,88,19.9,26.7,0.6137
"10/04/2004","14:00:00",1.3,108,5.1,90,81,19.8,23.1,0.5283
"10/04/2004","15:00:00",1.4,98,6.9,89,89,21.4,22.7,0.5722
"10/04/2004","16:00:00",1.5,132,6.8,92,91,22.1,21.3,0.5605
"10/04/2004","17:00:00",1.7,144,7.4,103,104,21.1,24.5,0.604
"10/04/2004","18:00:00",2,165,8.7,122,111,18.3,31.6,0.6562
"10/04/2004","19:00:00",2.5,210,11.2,159,129,16.1,35,0.6372
"10/04/2004","20:00:00",2.4,277,10.5,172,133,14.8,41.5,0.6929
"10/04/2004","21:00:00",2,168,8.2,125,115,13.2,50.3,0.7577
"10/04/2004","22:00:00",2.9,248,11.6,187,125,12.3,55.5,0.7916
"10/04/2004","23:00:00",2.5,235,9.7,174,117,11.8,56.6,0.7833
"11/04/2004","00:00:00",1.4,84,5.1,75,84,11.2,56.2,0.7469
"11/04/2004","01:00:00",1.2,75,4,48,63,11,56.6,0.7418
"11/04/2004","02:00:00",1,62,3.7,61,68,9.3,64.3,0.7531
"11/04/2004","05:00:00",0.7,38,2.9,38,49,7.7,70.7,0.7463
"11/04/2004","06:00:00",0.8,44,2.9,41,49,7.4,71,0.7346
"11/04/2004","07:00:00",0.9,60,3,51,52,8.2,66.6,0.7283
"11/04/2004","08:00:00",1.1,88,3.7,61,58,8.7,64.3,0.7267
"11/04/2004","09:00:00",1,70,3.9,47,51,13,47.9,0.7116
"11/04/2004","10:00:00",1.6,94,6.2,87,77,17.4,35.4,0.699
"11/04/2004","11:00:00",1.8,126,7.3,107,90,20.2,29.2,0.683
"11/04/2004","12:00:00",2.6,181,9.2,161,118,22.7,22.9,0.6224
"11/04/2004","13:00:00",1.1,66,4,61,70,22.3,22.4,0.5955
"11/04/2004","14:00:00",0.6,54,2.3,26,35,22.2,18.9,0.4993
"11/04/2004","15:00:00",0.9,48,3.1,42,46,22,19,0.4969
"11/04/2004","16:00:00",1,66,3.2,55,58,21,23.6,0.5788
"11/04/2004","17:00:00",1.2,65,3.3,65,61,19.6,27.4,0.6162
"11/04/2004","18:00:00",1.4,68,4,75,80,17.9,30.8,0.6258
"11/04/2004","19:00:00",2,118,5.7,93,93,16.4,35.3,0.6532
"11/04/2004","20:00:00",1.1,65,3.4,63,78,15.6,37.5,0.6575
"11/04/2004","21:00:00",1.1,63,3.5,60,76,15.5,36.7,0.6438
"11/04/2004","22:00:00",1.1,61,2.9,63,74,14.5,39,0.6428
"11/04/2004","23:00:00",1.1,63,3.1,66,81,14.2,38.2,0.6163
"12/04/2004","00:00:00",0.7,31,1.6,41,58,13.7,38.3,0.5957
"12/04/2004","01:00:00",0.6,29,1.1,42,59,14.1,34,0.5442
"12/04/2004","02:00:00",0.7,34,2,36,54,14.6,34,0.5605
"12/04/2004","04:00:00",0.3,9,0.7,16,25,13.9,30.9,0.4868
"12/04/2004","05:00:00",0.3,14,0.5,16,26,13.5,37.9,0.5852
"12/04/2004","06:00:00",0.4,23,0.7,33,49,13.9,43.6,0.6871
"12/04/2004","07:00:00",0.5,36,0.9,39,53,13.5,50.1,0.7706
"12/04/2004","08:00:00",0.6,39,1.5,45,57,13.3,53.6,0.8169
"12/04/2004","09:00:00",0.8,38,2.2,63,73,13.4,56,0.8576
"12/04/2004","10:00:00",1,55,2.9,71,78,13,59.6,0.886
"12/04/2004","11:00:00",1.3,75,3.9,104,93,12.7,62.7,0.9173
"12/04/2004","12:00:00",1.1,64,2.8,85,71,12.1,60.5,0.8505
"12/04/2004","13:00:00",0.6,39,1.4,53,56,11.2,64.4,0.8537
"12/04/2004","14:00:00",0.7,42,1.7,58,60,10.7,67.6,0.8703
"12/04/2004","15:00:00",1.2,78,3.6,89,77,11.4,61.2,0.8236
"12/04/2004","16:00:00",1.4,69,3.1,96,82,9.9,70.5,0.8581
"12/04/2004","17:00:00",1.2,67,3.5,88,77,10.3,65.2,0.8151
"12/04/2004","18:00:00",1.3,83,3.9,100,91,11,58.9,0.7714
"12/04/2004","19:00:00",1.8,79,5.2,127,93,10.6,59.5,0.7595
"12/04/2004","20:00:00",1.2,68,3.7,88,82,10.6,57.7,0.7362
"12/04/2004","21:00:00",0.8,56,2.7,66,74,10.6,56.1,0.7149
"12/04/2004","22:00:00",0.8,49,2.6,61,68,10.3,58,0.7239
"12/04/2004","23:00:00",0.8,56,2.4,54,65,10.4,58.4,0.7352
"13/04/2004","00:00:00",0.7,48,2,46,58,10.7,58.2,0.7459
"13/04/2004","01:00:00",0.5,27,1.3,25,36,10.5,59.9,0.7624
"13/04/2004","02:00:00",0.3,29,1.2,18,29,10.5,60.8,0.7704
"13/04/2004","04:00:00",0.3,47,0.9,21,28,11.1,60.1,0.7925
"13/04/2004","05:00:00",0.7,66,3.1,76,68,10.1,68.4,0.8443
"13/04/2004","06:00:00",1.6,163,6.9,149,99,10,68.7,0.8456
"13/04/2004","07:00:00",3.9,524,19.1,328,130,11,64.2,0.8398
"13/04/2004","08:00:00",4.5,657,22.1,282,128,12,58.1,0.8138
"13/04/2004","09:00:00",2.7,324,11.8,206,120,12.8,52,0.7643
"13/04/2004","10:00:00",1.6,144,7.3,133,93,12.6,50.8,0.7387
"13/04/2004","11:00:00",1.6,135,8,137,96,13.8,47.4,0.7435
"13/04/2004","12:00:00",1.6,140,7.2,116,84,15.1,42.7,0.7294
"13/04/2004","13:00:00",1.5,141,7.7,112,87,16.3,38.1,0.7006
"13/04/2004","14:00:00",1.8,181,9.7,128,87,16.6,36.7,0.6867
"13/04/2004","15:00:00",2.1,227,9.8,145,103,15.8,40.5,0.7241
"13/04/2004","16:00:00",1.7,149,7.7,110,88,16.3,41.8,0.7712
"13/04/2004","17:00:00",3,425,15.3,184,118,16.1,42.8,0.7783
"13/04/2004","18:00:00",4.6,669,21.5,243,134,15.3,46.8,0.8074
"13/04/2004","19:00:00",5,680,21.7,259,144,14.7,47,0.7815
"13/04/2004","20:00:00",3.5,446,14.6,205,129,14.1,49.6,0.7931
"13/04/2004","21:00:00",2.1,205,9.3,144,108,13.5,54.1,0.8351
"13/04/2004","22:00:00",2.1,194,9.4,152,104,12.3,59.2,0.8461
"13/04/2004","23:00:00",1.5,115,6.8,108,90,11.6,62.2,0.851
"14/04/2004","00:00:00",1.1,74,4.9,64,74,11.5,61.4,0.8303
"14/04/2004","01:00:00",0.9,85,3.9,73,73,10.9,64.6,0.8395
"14/04/2004","02:00:00",0.7,66,2.7,47,60,11.1,63.2,0.8331
"14/04/2004","05:00:00",0.9,47,3.3,79,62,10.2,65.8,0.8196
"14/04/2004","06:00:00",1.6,116,7.4,113,71,10.3,65.6,0.8225
"14/04/2004","07:00:00",3.9,478,18.2,263,94,10.8,64,0.8307
"14/04/2004","08:00:00",5,836,27.7,275,99,13.3,55.6,0.8453
"14/04/2004","09:00:00",4.3,655,18.3,263,119,15.8,46.8,0.8328
"14/04/2004","10:00:00",2.7,312,12.3,183,103,19.5,34.4,0.7738
"14/04/2004","11:00:00",2.1,195,8.9,147,95,21.1,30.2,0.745
"14/04/2004","12:00:00",2.1,238,10.4,132,95,18.4,34.2,0.7185
"15/04/2004","09:00:00",3.9,536,19.1,309,114,13.5,53.4,0.8196
"15/04/2004","10:00:00",3.8,481,17.3,327,127,15,49.3,0.8364
"15/04/2004","11:00:00",3.8,460,17.5,299,135,17.1,42.1,0.812
"15/04/2004","12:00:00",3.9,597,17,257,135,18.4,36.9,0.7758
"15/04/2004","13:00:00",3.5,465,17,195,120,19.3,35.4,0.7824
"15/04/2004","14:00:00",4,542,19.5,231,129,19.2,35.7,0.7826
"15/04/2004","15:00:00",3,437,14.8,170,114,21.5,30.4,0.7677
"15/04/2004","16:00:00",3.1,383,14,192,129,19.6,34.6,0.7807
"15/04/2004","17:00:00",5.2,778,24.4,251,149,19.6,35.5,0.8017
"15/04/2004","18:00:00",5.9,926,28.1,289,149,18.3,44.1,0.9183
"15/04/2004","19:00:00",7.3,1189,33.7,351,158,17.4,47.8,0.9392
"15/04/2004","20:00:00",6.1,824,24.2,319,148,16.8,49.8,0.9446
"15/04/2004","21:00:00",4.6,660,19.8,264,134,16.2,53.2,0.9723
"15/04/2004","22:00:00",2.5,203,9.3,144,111,14.9,59.1,0.9928
"15/04/2004","23:00:00",2.2,136,7.3,119,106,13.9,64,1.013
"16/04/2004","00:00:00",2,114,7.1,120,108,13.7,66.8,1.041
"16/04/2004","01:00:00",1.9,110,6.7,96,93,13.4,69.6,1.0688
"16/04/2004","02:00:00",1.6,127,6,77,83,12.8,71.9,1.0632
"16/04/2004","04:00:00",1,70,3.6,63,69,11.9,74.8,1.038
"16/04/2004","05:00:00",1.2,93,5.4,97,77,11.6,76.4,1.0415
"16/04/2004","06:00:00",2,179,10,180,87,11.7,75.3,1.0325
"16/04/2004","07:00:00",4.5,523,23.2,352,109,12.8,71,1.0428
"16/04/2004","08:00:00",4.1,546,18.7,279,116,13.8,61.1,0.9595
"16/04/2004","09:00:00",2.6,251,9.9,186,105,15.3,51.4,0.8886
"16/04/2004","10:00:00",2.3,222,10.2,169,106,16.6,48.7,0.9146
"16/04/2004","11:00:00",2.6,212,11,172,108,17.6,46.7,0.9324
"16/04/2004","12:00:00",2.4,263,10.5,127,100,19.2,42.7,0.9425
"16/04/2004","13:00:00",4.3,535,18.9,230,149,15.7,62.5,1.1092
"16/04/2004","14:00:00",4.6,609,18.9,280,148,14.5,75.7,1.2425
"16/04/2004","15:00:00",4,449,17.5,242,126,14.4,77.4,1.2654
"16/04/2004","16:00:00",4.7,536,17.7,250,140,14.6,74.9,1.2391
"16/04/2004","17:00:00",5.7,743,23,309,142,14.6,76,1.2573
"16/04/2004","18:00:00",5.2,575,20.4,270,141,14,76.3,1.2166
"16/04/2004","19:00:00",6.4,783,26.8,323,149,13.9,78,1.2303
"16/04/2004","20:00:00",6,706,19.9,307,140,13.8,78,1.2229
"16/04/2004","21:00:00",3.4,299,12.5,224,117,13.5,79.4,1.2224
"16/04/2004","22:00:00",2.7,159,9.6,166,103,13.1,80.1,1.2016
"16/04/2004","23:00:00",3.1,171,10,171,99,12.8,81,1.1915
"17/04/2004","00:00:00",2.6,162,8.1,169,100,12.7,80.6,1.1819
"17/04/2004","01:00:00",2.2,111,7.1,120,88,12.5,81.8,1.1838
"17/04/2004","02:00:00",1.9,134,6.4,103,83,12.7,81.2,1.1849
"23/04/2004","05:00:00",0.6,46,2.9,59,59,14.2,52.2,0.8413
"23/04/2004","06:00:00",0.8,56,4.9,72,67,14.3,55.4,0.9003
"23/04/2004","07:00:00",4,452,22.6,244,95,14,58,0.9202
"23/04/2004","08:00:00",5.6,880,31.1,351,123,15.4,53.3,0.9289
"23/04/2004","09:00:00",5,759,22.1,358,142,19.1,42.1,0.9233
"23/04/2004","10:00:00",3.2,394,18.3,245,142,23.7,31,0.8968
"23/04/2004","11:00:00",3.8,639,22,240,169,26.9,25.7,0.8942
"23/04/2004","12:00:00",3.3,541,20.1,179,142,29.7,20.6,0.8478
"23/04/2004","13:00:00",3,468,18.9,160,136,29.2,21.5,0.8573
"23/04/2004","14:00:00",3.2,483,20.6,174,147,29.6,20.1,0.8181
"23/04/2004","15:00:00",4.4,682,25.3,260,196,30,19.4,0.81
"23/04/2004","16:00:00",4.6,698,25.8,281,186,29.5,20.1,0.8136
"23/04/2004","17:00:00",5.2,832,30.6,284,177,27,26.8,0.9403
"23/04/2004","18:00:00",4.8,872,27.1,250,164,24.9,30.8,0.954
"23/04/2004","19:00:00",5.6,899,32.5,281,161,23.1,36.7,1.0244
"23/04/2004","20:00:00",4.6,692,20.8,230,146,21.5,40.8,1.0333
"23/04/2004","21:00:00",1.8,145,10.9,98,98,20.5,41.5,0.9864
"23/04/2004","22:00:00",2.2,208,13,121,108,19.2,44.9,0.9875
"23/04/2004","23:00:00",2,204,11.8,110,107,18.8,47.7,1.0221
"24/04/2004","00:00:00",2.8,240,13.4,161,113,18.2,49.7,1.0284
"24/04/2004","01:00:00",2.6,251,13.4,148,100,16.1,57.4,1.0451
"24/04/2004","02:00:00",1.8,173,9,109,87,16.3,55.3,1.0178
"24/04/2004","05:00:00",0.7,65,3.7,71,65,14.8,57.7,0.9644
"24/04/2004","06:00:00",0.9,119,5.7,75,64,14,59.7,0.9499
"24/04/2004","07:00:00",1.5,151,10,106,73,14.6,56.8,0.9385
"24/04/2004","08:00:00",2.5,305,15,166,86,16.7,51.9,0.9788
"24/04/2004","09:00:00",3,415,15.6,188,105,20,45,1.039
"24/04/2004","10:00:00",2.6,321,12.3,161,107,23.9,33.7,0.9837
"24/04/2004","11:00:00",2.6,358,14.4,139,114,26.8,29.5,1.0209
"24/04/2004","12:00:00",2.6,350,14.6,134,105,27.2,32.4,1.1493
"24/04/2004","13:00:00",1.9,238,8.7,84,74,26.9,32.1,1.1217
"24/04/2004","14:00:00",2,215,11,98,95,24.3,41.8,1.2561
"24/04/2004","15:00:00",1.7,192,9,91,89,25.6,36,1.1629
"24/04/2004","16:00:00",1.9,205,10.7,99,95,27,31.8,1.1176
"24/04/2004","17:00:00",1.8,165,9.9,90,93,27.5,31.6,1.1417
"24/04/2004","18:00:00",2.8,283,15.7,147,123,24.9,38.1,1.1838
"24/04/2004","19:00:00",3.5,467,19.4,177,134,23.4,39.7,1.1276
"24/04/2004","20:00:00",3.4,485,16.8,162,126,21.2,50.8,1.2631
"24/04/2004","21:00:00",2,202,6.8,88,79,15.6,73.5,1.2953
"24/04/2004","22:00:00",1.1,64,3,53,54,12.9,79.7,1.1774
"24/04/2004","23:00:00",1.3,71,3.2,68,69,11.5,76.9,1.0436
"25/04/2004","00:00:00",1.2,84,3.1,61,67,12.2,66.8,0.9455
"25/04/2004","01:00:00",1.3,70,3.9,71,73,12.4,64.1,0.9209
"25/04/2004","02:00:00",1,61,3.6,63,73,12.7,58.7,0.8605
"25/04/2004","05:00:00",0.3,20,0.7,14,20,12.5,50.9,0.7346
"25/04/2004","06:00:00",0.5,31,1.1,34,37,12.8,49.3,0.7285
"25/04/2004","07:00:00",0.6,41,1.4,42,50,13.5,48.6,0.7487
"25/04/2004","08:00:00",0.6,40,1.6,40,45,14.4,45.9,0.7476
"25/04/2004","09:00:00",0.8,35,2.3,48,48,15.1,43.9,0.7487
"25/04/2004","10:00:00",1,44,2.5,61,56,16.6,38.6,0.7236
"25/04/2004","11:00:00",0.9,71,2.7,58,58,17.2,35,0.6789
"25/04/2004","12:00:00",1,66,2.7,57,52,17.4,33.9,0.6683
"25/04/2004","13:00:00",0.8,46,2.2,54,52,17.9,30.7,0.6234
"25/04/2004","14:00:00",0.7,50,2,41,44,18.3,27.2,0.5675
"25/04/2004","15:00:00",0.9,51,3.4,57,59,19.4,25.7,0.5738
"25/04/2004","16:00:00",1.3,64,4.5,83,74,20.2,24.1,0.563
"25/04/2004","17:00:00",1.4,138,4.7,81,76,19.6,24.9,0.5625
"25/04/2004","18:00:00",1.5,137,6,98,83,18.5,27.8,0.5843
"25/04/2004","19:00:00",2.7,303,11.7,124,100,17.8,30.3,0.6129
"25/04/2004","20:00:00",2.5,204,8.2,133,101,16.6,34,0.6353
"25/04/2004","21:00:00",1.4,95,5.1,100,90,15.5,37,0.6447
"25/04/2004","22:00:00",2.8,347,13,116,93,14.8,39.5,0.6595
"25/04/2004","23:00:00",2.1,252,7,102,79,14.5,42,0.6896
"26/04/2004","00:00:00",1.1,66,3.9,55,57,14.1,44.9,0.7206
"26/04/2004","01:00:00",0.7,45,2.2,33,43,14.2,45.5,0.7333
"26/04/2004","02:00:00",0.4,36,1.3,17,25,14.1,45.3,0.7247
"26/04/2004","05:00:00",0.4,21,1.2,35,44,13.9,43.9,0.6923
"26/04/2004","06:00:00",0.8,60,3.4,70,72,14,43.8,0.6959
"26/04/2004","07:00:00",1.9,155,7.5,116,91,14.4,43.6,0.7113
"26/04/2004","08:00:00",2.1,235,8.9,134,89,15,41.7,0.7093
"26/04/2004","09:00:00",1.4,89,5.3,113,84,16.3,38.4,0.7052
"26/04/2004","10:00:00",1.4,76,5.4,110,83,18.3,32.3,0.676
"26/04/2004","11:00:00",1.3,101,5.2,98,78,18.8,31.7,0.6821
"26/04/2004","12:00:00",1.5,109,6.6,96,80,19.6,30.9,0.6968
"26/04/2004","13:00:00",1.6,143,6.9,95,75,20.2,30.7,0.7176
"26/04/2004","14:00:00",1.3,104,5.4,86,77,19.7,32.5,0.7396
"26/04/2004","15:00:00",1.4,107,6,86,77,20.7,31.6,0.7602
"26/04/2004","16:00:00",1.5,133,6.4,91,81,20,32.7,0.7545
"26/04/2004","17:00:00",2.2,171,10.7,119,101,18.6,35.4,0.7535
"26/04/2004","18:00:00",3.2,405,13.9,147,119,18.3,35.9,0.7501
"26/04/2004","19:00:00",3,334,12.5,135,111,17.8,37.5,0.7568
"26/04/2004","20:00:00",2.6,236,9.3,124,109,17.3,38.8,0.7584
"26/04/2004","21:00:00",1.6,99,6.7,89,101,17.3,38.8,0.7596
"26/04/2004","22:00:00",1.5,93,5.3,79,89,16.4,40.8,0.7542
"26/04/2004","23:00:00",1.2,82,4,63,75,16,41.4,0.7487
"27/04/2004","00:00:00",0.8,51,2.2,39,51,15.4,43,0.7482
"27/04/2004","01:00:00",0.7,41,1.7,25,39,15.7,42.5,0.7539
"27/04/2004","02:00:00",0.5,31,1.6,19,32,15.6,43.4,0.7651
"27/04/2004","05:00:00",0.7,38,3.3,58,68,15.5,47.3,0.8282
"27/04/2004","06:00:00",1.4,111,8.9,112,76,14.4,53.1,0.8677
"27/04/2004","07:00:00",4.1,584,23.4,314,122,15.9,48.5,0.8704
"27/04/2004","08:00:00",4.6,633,23.8,240,129,18.1,40.3,0.8294
"27/04/2004","09:00:00",1.9,145,7.9,128,94,19.6,35.9,0.81
"27/04/2004","10:00:00",1.9,155,8.2,141,99,22.8,29.1,0.796
"27/04/2004","11:00:00",1.7,128,8.8,118,81,24.8,25.3,0.7793
"27/04/2004","12:00:00",2.4,255,14.6,132,87,27.2,22,0.7785
"27/04/2004","13:00:00",3,411,18,150,107,28.2,20.4,0.7677
"27/04/2004","14:00:00",2,173,12,121,95,25.4,24.2,0.7733
"27/04/2004","15:00:00",2.7,277,14.8,149,110,25.7,23.8,0.7737
"27/04/2004","16:00:00",2.2,259,12.5,120,99,27.2,22.1,0.7811
"27/04/2004","17:00:00",2.9,274,15.5,155,113,27,22.3,0.786
"27/04/2004","18:00:00",3.4,377,17.7,172,127,24.5,27.8,0.8433
"27/04/2004","19:00:00",3.9,457,21.6,177,131,23.7,30.2,0.8718
"27/04/2004","20:00:00",3.6,555,18.9,181,137,21.5,34.5,0.8746
"27/04/2004","21:00:00",2.5,279,12.5,135,122,19.9,37.8,0.8675
"27/04/2004","22:00:00",1.8,137,8.8,99,100,18.9,40.6,0.8771
"27/04/2004","23:00:00",2,203,10.9,111,108,17.9,43.5,0.884
"28/04/2004","00:00:00",1.3,101,8,72,83,17.4,46.3,0.9112
"28/04/2004","01:00:00",1,86,4.4,54,74,18.1,44.7,0.9186
"28/04/2004","02:00:00",0.6,51,2.8,41,64,16.5,50.1,0.9331
"28/04/2004","05:00:00",0.5,33,2.5,29,39,16.3,52.8,0.9722
"28/04/2004","06:00:00",1.1,95,7.5,76,69,13.9,60.7,0.9597
"28/04/2004","07:00:00",5.5,754,30.4,321,104,15,58.3,0.9876
"28/04/2004","08:00:00",4.2,588,22,274,100,16.1,54.8,0.996
"28/04/2004","09:00:00",4.6,658,24.7,322,146,19.3,46.4,1.0248
"28/04/2004","10:00:00",3.4,372,18.4,255,155,24.2,33.8,1.0097
"28/04/2004","11:00:00",2.8,386,16.8,196,139,26.7,28.7,0.9895
"28/04/2004","12:00:00",2.5,333,14.2,136,121,27.4,28.2,1.0098
"28/04/2004","13:00:00",2.4,293,15.7,119,108,28.1,26.9,1.0094
"28/04/2004","14:00:00",3.2,511,21.9,169,126,27.7,26.5,0.9693
"28/04/2004","15:00:00",3.5,559,20.8,197,145,28.4,23.4,0.8935
"28/04/2004","16:00:00",2.9,375,16.2,140,121,28.4,26,0.9922
"28/04/2004","17:00:00",3.6,509,19.8,178,145,27.3,30,1.0752
"28/04/2004","18:00:00",4.8,790,28.9,223,160,24.3,37.3,1.1199
"28/04/2004","19:00:00",5.4,816,28.3,222,155,23.1,42.2,1.1746
"28/04/2004","20:00:00",5.3,804,24.9,265,162,21.8,43.6,1.1226
"28/04/2004","21:00:00",2.7,332,13.1,151,129,19.8,46.8,1.0702
"28/04/2004","22:00:00",1.4,156,8.6,79,96,19.6,49.8,1.1221
"28/04/2004","23:00:00",1.6,143,9.5,87,92,17.9,56.2,1.142
"29/04/2004","00:00:00",1.5,117,7.8,88,89,17.4,55.6,1.0963
"29/04/2004","01:00:00",1,84,5.2,51,61,16.8,59.5,1.1269
"29/04/2004","02:00:00",0.6,60,2.8,34,54,15.9,60.1,1.0806
"29/04/2004","05:00:00",0.8,64,4.4,76,57,13.3,67,1.0203
"29/04/2004","06:00:00",1.5,148,9.4,139,68,12.9,66.5,0.9846
"29/04/2004","07:00:00",4.9,635,29.8,293,95,14.8,61.3,1.0237
"29/04/2004","08:00:00",7.2,1129,36.2,368,125,16.1,56.5,1.0274
"29/04/2004","09:00:00",3.5,475,18,250,135,18.6,47.8,1.0143
"29/04/2004","10:00:00",2.1,220,10.9,145,118,23.8,30.2,0.8771
"29/04/2004","11:00:00",1.5,105,9,110,91,25.4,25,0.7966
"29/04/2004","12:00:00",2,190,14.4,104,89,25.6,25.5,0.8234
"29/04/2004","13:00:00",3.8,516,22.3,205,129,24.9,29.9,0.9325
"29/04/2004","14:00:00",3.4,346,20.9,201,122,22.4,37.9,1.016
"29/04/2004","15:00:00",4.4,565,23.1,266,138,21.7,44,1.1242
"29/04/2004","16:00:00",3.9,483,21.2,246,136,21.4,44.4,1.1176
"29/04/2004","17:00:00",4.9,651,24.8,247,143,20.8,45.3,1.1016
"29/04/2004","18:00:00",5.4,657,28.6,271,145,20.2,48.6,1.1354
"29/04/2004","19:00:00",6.5,830,32.6,332,146,20.2,50.8,1.1924
"29/04/2004","20:00:00",4.3,435,19.2,245,122,18.6,57.6,1.2233
"29/04/2004","21:00:00",2.9,209,16.3,180,112,18.2,58.8,1.2173
"29/04/2004","22:00:00",2.7,202,13.7,156,102,17.8,61,1.2352
"29/04/2004","23:00:00",2.8,174,13.6,172,97,17,70.7,1.3554
"30/04/2004","00:00:00",2.3,170,11.1,137,85,16.2,76.9,1.4051
"30/04/2004","01:00:00",1.7,116,7.6,91,76,15.7,78.6,1.3943
"30/04/2004","02:00:00",1.2,91,5.9,80,74,15.7,78.4,1.3917
"30/04/2004","05:00:00",0.8,48,4.5,68,66,15.7,74.7,1.3194
"30/04/2004","06:00:00",1.7,111,9.3,162,90,15.9,73.1,1.3136
"30/04/2004","07:00:00",3,345,18.3,213,111,16.6,68.2,1.2737
"30/04/2004","08:00:00",3.4,332,19.9,161,103,18.7,57.6,1.2323
"30/04/2004","09:00:00",3.3,344,16.6,209,117,17.6,65,1.2945
"30/04/2004","10:00:00",2.7,212,12.6,191,116,16.3,73.2,1.3458
"30/04/2004","11:00:00",2.6,166,12.9,215,109,16,78.5,1.4209
"30/04/2004","12:00:00",3.2,214,14.9,212,116,17.3,72.4,1.4125
"30/04/2004","13:00:00",3.4,377,17.4,202,115,19.4,60.9,1.3545
"30/04/2004","14:00:00",2.6,210,15.4,153,94,21.4,50.9,1.2823
"30/04/2004","15:00:00",3.4,265,16.7,185,121,22.7,45.8,1.2465
"30/04/2004","16:00:00",4,365,18,210,114,20.9,60.8,1.4852
"30/04/2004","17:00:00",4.5,454,19.2,215,110,21,54.3,1.3353
"30/04/2004","18:00:00",4.2,460,21,215,122,20.8,54.4,1.3194
"30/04/2004","19:00:00",5.7,642,26.9,281,135,19.8,58.6,1.3392
"30/04/2004","20:00:00",4.4,501,19.5,254,133,19.1,61.1,1.3345
"30/04/2004","21:00:00",3.1,234,15.1,189,110,18.2,65.4,1.3529
"30/04/2004","22:00:00",3,212,14.6,174,102,18.1,66.1,1.3579
"30/04/2004","23:00:00",3.1,275,13.7,167,108,17.7,66.9,1.3422
"01/05/2004","00:00:00",3.5,275,15.2,185,110,17.8,66.8,1.346
